timestamp,DT500,DT510,DT520,DT530,DT540,DT550,DT560,DT570,IS1,IS2,IS3,IS5,IS6,IS7,IS8,IS9,IS10,IS11,IS12
2026-04-05 18:15:03.080,CLOSED,THROWN,THROWN,THROWN,THROWN,CLOSED,THROWN,CLOSED,UNOCCUPIED,UNOCCUPIED,UNOCCUPIED,UNOCCUPIED,UNOCCUPIED,UNOCCUPIED,UNOCCUPIED,OCCUPIED,UNOCCUPIED,UNKNOWN,UNOCCUPIED
2026-04-05 18:15:13.047,CLOSED,THROWN,THROWN,THROWN,THROWN,THROWN,THROWN,CLOSED,UNOCCUPIED,UNOCCUPIED,UNOCCUPIED,UNOCCUPIED,UNOCCUPIED,UNOCCUPIED,UNOCCUPIED,OCCUPIED,UNOCCUPIED,UNKNOWN,UNOCCUPIED
2026-04-05 18:15:16.501,CLOSED,THROWN,THROWN,THROWN,THROWN,THROWN,THROWN,CLOSED,UNOCCUPIED,UNOCCUPIED,UNOCCUPIED,UNOCCUPIED,UNOCCUPIED,UNOCCUPIED,UNOCCUPIED,UNOCCUPIED,UNOCCUPIED,UNKNOWN,OCCUPIED
2026-04-05 18:15:16.660,CLOSED,THROWN,THROWN,THROWN,THROWN,THROWN,THROWN,CLOSED,UNOCCUPIED,UNOCCUPIED,UNOCCUPIED,UNOCCUPIED,UNOCCUPIED,UNOCCUPIED,UNOCCUPIED,UNOCCUPIED,UNOCCUPIED,UNKNOWN,OCCUPIED
2026-04-05 18:15:17.090,CLOSED,THROWN,THROWN,THROWN,THROWN,THROWN,THROWN,CLOSED,UNOCCUPIED,OCCUPIED,UNOCCUPIED,UNOCCUPIED,UNOCCUPIED,UNOCCUPIED,UNOCCUPIED,UNOCCUPIED,UNOCCUPIED,UNKNOWN,OCCUPIED
2026-04-05 18:15:17.981,CLOSED,THROWN,THROWN,THROWN,CLOSED,THROWN,THROWN,CLOSED,UNOCCUPIED,OCCUPIED,UNOCCUPIED,UNOCCUPIED,OCCUPIED,OCCUPIED,UNOCCUPIED,UNOCCUPIED,UNOCCUPIED,UNKNOWN,OCCUPIED
2026-04-05 18:15:18.256,CLOSED,THROWN,THROWN,THROWN,CLOSED,THROWN,THROWN,CLOSED,UNOCCUPIED,OCCUPIED,UNOCCUPIED,UNOCCUPIED,OCCUPIED,OCCUPIED,OCCUPIED,UNOCCUPIED,UNOCCUPIED,UNKNOWN,OCCUPIED
2026-04-05 18:15:18.265,CLOSED,THROWN,THROWN,THROWN,CLOSED,THROWN,THROWN,CLOSED,UNOCCUPIED,OCCUPIED,UNOCCUPIED,UNOCCUPIED,OCCUPIED,OCCUPIED,OCCUPIED,UNOCCUPIED,UNOCCUPIED,UNKNOWN,OCCUPIED
2026-04-05 18:15:18.295,CLOSED,THROWN,THROWN,THROWN,CLOSED,THROWN,CLOSED,CLOSED,UNOCCUPIED,OCCUPIED,UNOCCUPIED,OCCUPIED,OCCUPIED,OCCUPIED,OCCUPIED,UNOCCUPIED,UNOCCUPIED,UNKNOWN,OCCUPIED
2026-04-05 18:15:18.606,THROWN,THROWN,THROWN,THROWN,CLOSED,THROWN,CLOSED,CLOSED,UNOCCUPIED,OCCUPIED,UNOCCUPIED,UNOCCUPIED,OCCUPIED,OCCUPIED,UNOCCUPIED,UNOCCUPIED,UNOCCUPIED,UNKNOWN,UNOCCUPIED
2026-04-05 18:15:18.626,THROWN,THROWN,THROWN,THROWN,CLOSED,THROWN,CLOSED,CLOSED,UNOCCUPIED,OCCUPIED,UNOCCUPIED,UNOCCUPIED,OCCUPIED,OCCUPIED,UNOCCUPIED,UNOCCUPIED,UNOCCUPIED,UNKNOWN,UNOCCUPIED
2026-04-05 18:15:18.658,THROWN,THROWN,THROWN,THROWN,CLOSED,THROWN,CLOSED,CLOSED,UNOCCUPIED,OCCUPIED,UNOCCUPIED,UNOCCUPIED,OCCUPIED,OCCUPIED,UNOCCUPIED,UNOCCUPIED,UNOCCUPIED,UNKNOWN,UNOCCUPIED
2026-04-05 18:15:18.694,THROWN,THROWN,THROWN,THROWN,CLOSED,THROWN,CLOSED,CLOSED,UNOCCUPIED,OCCUPIED,UNOCCUPIED,UNOCCUPIED,OCCUPIED,OCCUPIED,UNOCCUPIED,UNOCCUPIED,UNOCCUPIED,UNKNOWN,UNOCCUPIED
2026-04-05 18:15:18.917,THROWN,CLOSED,THROWN,THROWN,CLOSED,THROWN,CLOSED,CLOSED,UNOCCUPIED,OCCUPIED,UNOCCUPIED,UNOCCUPIED,OCCUPIED,OCCUPIED,UNOCCUPIED,UNOCCUPIED,UNOCCUPIED,UNKNOWN,UNOCCUPIED
2026-04-05 18:15:19.247,THROWN,CLOSED,THROWN,THROWN,CLOSED,THROWN,CLOSED,CLOSED,UNOCCUPIED,OCCUPIED,UNOCCUPIED,UNOCCUPIED,UNOCCUPIED,UNOCCUPIED,UNOCCUPIED,UNOCCUPIED,UNOCCUPIED,UNKNOWN,UNOCCUPIED
2026-04-05 18:15:19.281,THROWN,CLOSED,THROWN,THROWN,CLOSED,THROWN,CLOSED,CLOSED,UNOCCUPIED,OCCUPIED,UNOCCUPIED,UNOCCUPIED,UNOCCUPIED,UNOCCUPIED,UNOCCUPIED,UNOCCUPIED,UNOCCUPIED,UNKNOWN,UNOCCUPIED
2026-04-05 18:15:20.231,THROWN,CLOSED,THROWN,THROWN,CLOSED,THROWN,CLOSED,CLOSED,UNOCCUPIED,UNOCCUPIED,UNOCCUPIED,OCCUPIED,UNOCCUPIED,UNOCCUPIED,UNOCCUPIED,UNOCCUPIED,UNOCCUPIED,UNKNOWN,UNOCCUPIED
2026-04-05 18:15:20.394,THROWN,CLOSED,THROWN,THROWN,CLOSED,THROWN,CLOSED,CLOSED,UNOCCUPIED,UNOCCUPIED,UNOCCUPIED,OCCUPIED,UNOCCUPIED,UNOCCUPIED,UNOCCUPIED,UNOCCUPIED,UNOCCUPIED,UNKNOWN,UNOCCUPIED
2026-04-05 18:15:21.209,THROWN,CLOSED,THROWN,THROWN,CLOSED,THROWN,CLOSED,CLOSED,UNOCCUPIED,UNOCCUPIED,UNOCCUPIED,OCCUPIED,UNOCCUPIED,UNOCCUPIED,UNOCCUPIED,UNOCCUPIED,UNOCCUPIED,UNKNOWN,UNOCCUPIED
2026-04-05 18:15:21.767,THROWN,CLOSED,THROWN,THROWN,CLOSED,THROWN,CLOSED,CLOSED,UNOCCUPIED,UNOCCUPIED,UNOCCUPIED,OCCUPIED,UNOCCUPIED,UNOCCUPIED,UNOCCUPIED,UNOCCUPIED,UNOCCUPIED,UNKNOWN,UNOCCUPIED
2026-04-05 18:15:23.863,THROWN,CLOSED,THROWN,THROWN,CLOSED,THROWN,CLOSED,CLOSED,UNOCCUPIED,UNOCCUPIED,UNOCCUPIED,OCCUPIED,UNOCCUPIED,UNOCCUPIED,OCCUPIED,UNOCCUPIED,UNOCCUPIED,UNKNOWN,UNOCCUPIED
2026-04-05 18:15:26.185,THROWN,CLOSED,THROWN,THROWN,CLOSED,THROWN,CLOSED,CLOSED,UNOCCUPIED,UNOCCUPIED,UNOCCUPIED,OCCUPIED,UNOCCUPIED,UNOCCUPIED,UNOCCUPIED,UNOCCUPIED,UNOCCUPIED,UNKNOWN,UNOCCUPIED
2026-04-05 18:15:26.677,THROWN,CLOSED,THROWN,THROWN,CLOSED,THROWN,CLOSED,CLOSED,OCCUPIED,UNOCCUPIED,UNOCCUPIED,UNOCCUPIED,UNOCCUPIED,UNOCCUPIED,UNOCCUPIED,UNOCCUPIED,UNOCCUPIED,UNKNOWN,UNOCCUPIED
2026-04-05 18:15:26.775,THROWN,CLOSED,THROWN,THROWN,CLOSED,THROWN,CLOSED,CLOSED,OCCUPIED,UNOCCUPIED,UNOCCUPIED,UNOCCUPIED,UNOCCUPIED,UNOCCUPIED,UNOCCUPIED,UNOCCUPIED,UNOCCUPIED,UNKNOWN,UNOCCUPIED
2026-04-05 18:15:28.050,THROWN,CLOSED,THROWN,THROWN,CLOSED,THROWN,CLOSED,CLOSED,OCCUPIED,UNOCCUPIED,UNOCCUPIED,UNOCCUPIED,UNOCCUPIED,UNOCCUPIED,UNOCCUPIED,UNOCCUPIED,UNOCCUPIED,UNKNOWN,UNOCCUPIED
2026-04-05 18:15:28.452,THROWN,CLOSED,CLOSED,THROWN,CLOSED,THROWN,CLOSED,CLOSED,OCCUPIED,UNOCCUPIED,UNOCCUPIED,UNOCCUPIED,OCCUPIED,UNOCCUPIED,UNOCCUPIED,UNOCCUPIED,UNOCCUPIED,UNKNOWN,UNOCCUPIED
2026-04-05 18:15:28.882,THROWN,CLOSED,CLOSED,THROWN,CLOSED,THROWN,CLOSED,CLOSED,UNOCCUPIED,OCCUPIED,UNOCCUPIED,UNOCCUPIED,OCCUPIED,UNOCCUPIED,UNOCCUPIED,UNOCCUPIED,UNOCCUPIED,UNKNOWN,UNOCCUPIED
2026-04-05 18:15:29.099,THROWN,CLOSED,CLOSED,THROWN,CLOSED,THROWN,CLOSED,CLOSED,UNOCCUPIED,UNOCCUPIED,UNOCCUPIED,UNOCCUPIED,OCCUPIED,UNOCCUPIED,UNOCCUPIED,UNOCCUPIED,UNOCCUPIED,UNKNOWN,UNOCCUPIED
2026-04-05 18:15:29.337,THROWN,CLOSED,CLOSED,THROWN,CLOSED,THROWN,CLOSED,CLOSED,UNOCCUPIED,UNOCCUPIED,UNOCCUPIED,UNOCCUPIED,OCCUPIED,UNOCCUPIED,UNOCCUPIED,UNOCCUPIED,UNOCCUPIED,UNKNOWN,UNOCCUPIED
2026-04-05 18:15:29.590,THROWN,CLOSED,CLOSED,THROWN,CLOSED,THROWN,CLOSED,CLOSED,UNOCCUPIED,UNOCCUPIED,UNOCCUPIED,UNOCCUPIED,OCCUPIED,UNOCCUPIED,UNOCCUPIED,UNOCCUPIED,UNOCCUPIED,UNKNOWN,UNOCCUPIED
2026-04-05 18:15:30.701,THROWN,CLOSED,CLOSED,THROWN,CLOSED,THROWN,CLOSED,CLOSED,UNOCCUPIED,UNOCCUPIED,UNOCCUPIED,UNOCCUPIED,OCCUPIED,UNOCCUPIED,UNOCCUPIED,UNOCCUPIED,UNOCCUPIED,UNKNOWN,UNOCCUPIED
2026-04-05 18:15:31.327,THROWN,CLOSED,CLOSED,THROWN,CLOSED,THROWN,CLOSED,CLOSED,UNOCCUPIED,OCCUPIED,UNOCCUPIED,UNOCCUPIED,OCCUPIED,UNOCCUPIED,UNOCCUPIED,UNOCCUPIED,UNOCCUPIED,UNKNOWN,UNOCCUPIED
2026-04-05 18:15:31.963,THROWN,CLOSED,CLOSED,THROWN,CLOSED,THROWN,CLOSED,CLOSED,UNOCCUPIED,OCCUPIED,UNOCCUPIED,UNOCCUPIED,OCCUPIED,UNOCCUPIED,OCCUPIED,UNOCCUPIED,UNOCCUPIED,UNKNOWN,UNOCCUPIED
2026-04-05 18:15:32.142,THROWN,CLOSED,CLOSED,THROWN,CLOSED,THROWN,CLOSED,CLOSED,UNOCCUPIED,UNOCCUPIED,UNOCCUPIED,OCCUPIED,OCCUPIED,UNOCCUPIED,OCCUPIED,UNOCCUPIED,UNOCCUPIED,UNKNOWN,UNOCCUPIED
2026-04-05 18:15:32.338,THROWN,CLOSED,CLOSED,THROWN,CLOSED,THROWN,CLOSED,CLOSED,UNOCCUPIED,UNOCCUPIED,UNOCCUPIED,UNOCCUPIED,UNOCCUPIED,UNOCCUPIED,OCCUPIED,UNOCCUPIED,UNOCCUPIED,UNKNOWN,UNOCCUPIED
2026-04-05 18:15:32.502,THROWN,CLOSED,CLOSED,THROWN,CLOSED,THROWN,CLOSED,CLOSED,UNOCCUPIED,UNOCCUPIED,UNOCCUPIED,UNOCCUPIED,UNOCCUPIED,UNOCCUPIED,OCCUPIED,UNOCCUPIED,UNOCCUPIED,UNKNOWN,UNOCCUPIED
2026-04-05 18:15:32.508,THROWN,CLOSED,CLOSED,THROWN,CLOSED,THROWN,CLOSED,CLOSED,UNOCCUPIED,UNOCCUPIED,UNOCCUPIED,UNOCCUPIED,UNOCCUPIED,UNOCCUPIED,OCCUPIED,UNOCCUPIED,UNOCCUPIED,UNKNOWN,UNOCCUPIED
2026-04-05 18:15:32.570,THROWN,CLOSED,CLOSED,THROWN,CLOSED,THROWN,CLOSED,CLOSED,UNOCCUPIED,UNOCCUPIED,UNOCCUPIED,UNOCCUPIED,UNOCCUPIED,UNOCCUPIED,OCCUPIED,UNOCCUPIED,UNOCCUPIED,UNKNOWN,UNOCCUPIED
2026-04-05 18:15:34.041,THROWN,CLOSED,CLOSED,THROWN,CLOSED,THROWN,CLOSED,CLOSED,UNOCCUPIED,UNOCCUPIED,UNOCCUPIED,UNOCCUPIED,UNOCCUPIED,UNOCCUPIED,OCCUPIED,UNOCCUPIED,UNOCCUPIED,UNKNOWN,UNOCCUPIED
2026-04-05 18:15:38.924,THROWN,CLOSED,CLOSED,THROWN,CLOSED,THROWN,CLOSED,CLOSED,OCCUPIED,UNOCCUPIED,UNOCCUPIED,UNOCCUPIED,UNOCCUPIED,UNOCCUPIED,UNOCCUPIED,UNOCCUPIED,UNOCCUPIED,UNKNOWN,UNOCCUPIED
2026-04-05 18:15:38.963,THROWN,CLOSED,CLOSED,THROWN,CLOSED,THROWN,CLOSED,CLOSED,OCCUPIED,UNOCCUPIED,UNOCCUPIED,UNOCCUPIED,UNOCCUPIED,UNOCCUPIED,UNOCCUPIED,UNOCCUPIED,UNOCCUPIED,UNKNOWN,UNOCCUPIED
2026-04-05 18:15:41.193,THROWN,CLOSED,CLOSED,THROWN,CLOSED,THROWN,THROWN,CLOSED,UNOCCUPIED,OCCUPIED,UNOCCUPIED,UNOCCUPIED,UNOCCUPIED,UNOCCUPIED,UNOCCUPIED,UNOCCUPIED,UNOCCUPIED,UNKNOWN,UNOCCUPIED
2026-04-05 18:15:41.328,THROWN,CLOSED,CLOSED,THROWN,CLOSED,THROWN,THROWN,CLOSED,UNOCCUPIED,OCCUPIED,UNOCCUPIED,UNOCCUPIED,UNOCCUPIED,UNOCCUPIED,UNOCCUPIED,UNOCCUPIED,UNOCCUPIED,UNKNOWN,UNOCCUPIED
2026-04-05 18:15:41.374,THROWN,CLOSED,CLOSED,THROWN,CLOSED,THROWN,THROWN,CLOSED,UNOCCUPIED,OCCUPIED,UNOCCUPIED,UNOCCUPIED,UNOCCUPIED,UNOCCUPIED,UNOCCUPIED,UNOCCUPIED,UNOCCUPIED,UNKNOWN,UNOCCUPIED
2026-04-05 18:15:44.388,THROWN,CLOSED,CLOSED,THROWN,CLOSED,THROWN,THROWN,CLOSED,UNOCCUPIED,UNOCCUPIED,UNOCCUPIED,OCCUPIED,UNOCCUPIED,UNOCCUPIED,UNOCCUPIED,UNOCCUPIED,UNOCCUPIED,UNKNOWN,UNOCCUPIED
2026-04-05 18:15:44.519,THROWN,CLOSED,CLOSED,THROWN,CLOSED,THROWN,THROWN,CLOSED,UNOCCUPIED,UNOCCUPIED,UNOCCUPIED,OCCUPIED,UNOCCUPIED,UNOCCUPIED,UNOCCUPIED,UNOCCUPIED,UNOCCUPIED,UNKNOWN,UNOCCUPIED
2026-04-05 18:15:45.207,THROWN,CLOSED,CLOSED,THROWN,CLOSED,THROWN,THROWN,CLOSED,UNOCCUPIED,UNOCCUPIED,UNOCCUPIED,OCCUPIED,UNOCCUPIED,UNOCCUPIED,UNOCCUPIED,UNOCCUPIED,UNOCCUPIED,UNKNOWN,UNOCCUPIED
2026-04-05 18:15:45.730,THROWN,CLOSED,CLOSED,THROWN,CLOSED,THROWN,THROWN,CLOSED,UNOCCUPIED,UNOCCUPIED,UNOCCUPIED,OCCUPIED,UNOCCUPIED,UNOCCUPIED,UNOCCUPIED,UNOCCUPIED,UNOCCUPIED,UNKNOWN,UNOCCUPIED
2026-04-05 18:15:47.757,THROWN,CLOSED,CLOSED,THROWN,CLOSED,THROWN,THROWN,CLOSED,UNOCCUPIED,UNOCCUPIED,UNOCCUPIED,OCCUPIED,UNOCCUPIED,UNOCCUPIED,OCCUPIED,UNOCCUPIED,UNOCCUPIED,UNKNOWN,UNOCCUPIED
2026-04-05 18:15:50.003,THROWN,CLOSED,CLOSED,THROWN,CLOSED,THROWN,THROWN,CLOSED,UNOCCUPIED,UNOCCUPIED,UNOCCUPIED,UNOCCUPIED,UNOCCUPIED,UNOCCUPIED,UNOCCUPIED,UNOCCUPIED,UNOCCUPIED,UNKNOWN,UNOCCUPIED
2026-04-05 18:15:50.245,THROWN,CLOSED,CLOSED,THROWN,CLOSED,THROWN,THROWN,CLOSED,UNOCCUPIED,UNOCCUPIED,UNOCCUPIED,UNOCCUPIED,UNOCCUPIED,UNOCCUPIED,UNOCCUPIED,UNOCCUPIED,UNOCCUPIED,UNKNOWN,UNOCCUPIED
2026-04-05 18:15:50.802,THROWN,CLOSED,CLOSED,THROWN,CLOSED,THROWN,THROWN,CLOSED,UNOCCUPIED,UNOCCUPIED,UNOCCUPIED,UNOCCUPIED,UNOCCUPIED,UNOCCUPIED,UNOCCUPIED,UNOCCUPIED,UNOCCUPIED,UNKNOWN,UNOCCUPIED
2026-04-05 18:15:51.131,THROWN,CLOSED,CLOSED,THROWN,CLOSED,THROWN,THROWN,CLOSED,UNOCCUPIED,UNOCCUPIED,OCCUPIED,UNOCCUPIED,UNOCCUPIED,UNOCCUPIED,UNOCCUPIED,UNOCCUPIED,UNOCCUPIED,UNKNOWN,UNOCCUPIED
2026-04-05 18:15:52.278,THROWN,CLOSED,CLOSED,THROWN,CLOSED,THROWN,THROWN,CLOSED,UNOCCUPIED,UNOCCUPIED,OCCUPIED,UNOCCUPIED,UNOCCUPIED,UNOCCUPIED,UNOCCUPIED,UNOCCUPIED,UNOCCUPIED,UNKNOWN,UNOCCUPIED
2026-04-05 18:16:02.929,THROWN,CLOSED,THROWN,THROWN,CLOSED,THROWN,THROWN,CLOSED,UNOCCUPIED,UNOCCUPIED,OCCUPIED,UNOCCUPIED,UNOCCUPIED,UNOCCUPIED,UNOCCUPIED,UNOCCUPIED,UNOCCUPIED,UNKNOWN,UNOCCUPIED
2026-04-05 18:16:04.144,THROWN,CLOSED,THROWN,THROWN,CLOSED,THROWN,CLOSED,CLOSED,UNOCCUPIED,OCCUPIED,UNOCCUPIED,UNOCCUPIED,UNOCCUPIED,UNOCCUPIED,UNOCCUPIED,UNOCCUPIED,UNOCCUPIED,UNKNOWN,UNOCCUPIED
2026-04-05 18:16:04.276,THROWN,CLOSED,THROWN,THROWN,CLOSED,THROWN,CLOSED,CLOSED,UNOCCUPIED,OCCUPIED,UNOCCUPIED,UNOCCUPIED,UNOCCUPIED,UNOCCUPIED,UNOCCUPIED,UNOCCUPIED,UNOCCUPIED,UNKNOWN,UNOCCUPIED
2026-04-05 18:16:04.326,THROWN,CLOSED,THROWN,THROWN,CLOSED,THROWN,CLOSED,CLOSED,UNOCCUPIED,OCCUPIED,UNOCCUPIED,UNOCCUPIED,UNOCCUPIED,UNOCCUPIED,UNOCCUPIED,UNOCCUPIED,UNOCCUPIED,UNKNOWN,UNOCCUPIED
2026-04-05 18:16:07.535,THROWN,CLOSED,THROWN,THROWN,CLOSED,THROWN,CLOSED,CLOSED,UNOCCUPIED,UNOCCUPIED,UNOCCUPIED,OCCUPIED,UNOCCUPIED,UNOCCUPIED,UNOCCUPIED,UNOCCUPIED,UNOCCUPIED,UNKNOWN,UNOCCUPIED
2026-04-05 18:16:07.663,THROWN,CLOSED,THROWN,THROWN,CLOSED,THROWN,CLOSED,CLOSED,UNOCCUPIED,UNOCCUPIED,UNOCCUPIED,OCCUPIED,UNOCCUPIED,UNOCCUPIED,UNOCCUPIED,UNOCCUPIED,UNOCCUPIED,UNKNOWN,UNOCCUPIED
2026-04-05 18:16:08.350,THROWN,CLOSED,THROWN,THROWN,CLOSED,THROWN,CLOSED,CLOSED,UNOCCUPIED,UNOCCUPIED,UNOCCUPIED,OCCUPIED,UNOCCUPIED,UNOCCUPIED,UNOCCUPIED,UNOCCUPIED,UNOCCUPIED,UNKNOWN,UNOCCUPIED
2026-04-05 18:16:08.873,THROWN,CLOSED,THROWN,THROWN,CLOSED,THROWN,CLOSED,CLOSED,UNOCCUPIED,UNOCCUPIED,UNOCCUPIED,OCCUPIED,UNOCCUPIED,UNOCCUPIED,UNOCCUPIED,UNOCCUPIED,UNOCCUPIED,UNKNOWN,UNOCCUPIED
2026-04-05 18:16:10.905,THROWN,CLOSED,THROWN,THROWN,CLOSED,THROWN,CLOSED,CLOSED,UNOCCUPIED,UNOCCUPIED,UNOCCUPIED,OCCUPIED,UNOCCUPIED,UNOCCUPIED,OCCUPIED,UNOCCUPIED,UNOCCUPIED,UNKNOWN,UNOCCUPIED
2026-04-05 18:16:13.131,THROWN,CLOSED,THROWN,THROWN,CLOSED,THROWN,CLOSED,CLOSED,UNOCCUPIED,UNOCCUPIED,UNOCCUPIED,OCCUPIED,UNOCCUPIED,UNOCCUPIED,UNOCCUPIED,UNOCCUPIED,UNOCCUPIED,UNKNOWN,UNOCCUPIED
2026-04-05 18:16:13.558,THROWN,CLOSED,THROWN,THROWN,CLOSED,THROWN,CLOSED,CLOSED,OCCUPIED,UNOCCUPIED,UNOCCUPIED,UNOCCUPIED,UNOCCUPIED,UNOCCUPIED,UNOCCUPIED,UNOCCUPIED,UNOCCUPIED,UNKNOWN,UNOCCUPIED
2026-04-05 18:16:13.623,THROWN,CLOSED,THROWN,THROWN,CLOSED,THROWN,CLOSED,CLOSED,OCCUPIED,UNOCCUPIED,UNOCCUPIED,UNOCCUPIED,UNOCCUPIED,UNOCCUPIED,UNOCCUPIED,UNOCCUPIED,UNOCCUPIED,UNKNOWN,UNOCCUPIED
2026-04-05 18:16:15.180,CLOSED,CLOSED,THROWN,THROWN,CLOSED,THROWN,CLOSED,CLOSED,OCCUPIED,UNOCCUPIED,UNOCCUPIED,UNOCCUPIED,UNOCCUPIED,UNOCCUPIED,UNOCCUPIED,UNOCCUPIED,UNOCCUPIED,UNKNOWN,UNOCCUPIED
2026-04-05 18:16:15.487,CLOSED,THROWN,THROWN,THROWN,CLOSED,THROWN,CLOSED,CLOSED,UNOCCUPIED,UNOCCUPIED,UNOCCUPIED,UNOCCUPIED,UNOCCUPIED,UNOCCUPIED,UNOCCUPIED,UNOCCUPIED,UNOCCUPIED,UNKNOWN,UNOCCUPIED
2026-04-05 18:16:15.619,CLOSED,THROWN,THROWN,THROWN,CLOSED,THROWN,CLOSED,CLOSED,UNOCCUPIED,OCCUPIED,UNOCCUPIED,UNOCCUPIED,OCCUPIED,UNOCCUPIED,UNOCCUPIED,UNOCCUPIED,UNOCCUPIED,UNKNOWN,UNOCCUPIED
2026-04-05 18:16:15.851,CLOSED,THROWN,THROWN,THROWN,CLOSED,THROWN,CLOSED,CLOSED,UNOCCUPIED,UNOCCUPIED,UNOCCUPIED,UNOCCUPIED,OCCUPIED,UNOCCUPIED,UNOCCUPIED,UNOCCUPIED,UNOCCUPIED,UNKNOWN,UNOCCUPIED
2026-04-05 18:16:16.052,CLOSED,THROWN,THROWN,THROWN,CLOSED,THROWN,CLOSED,CLOSED,UNOCCUPIED,UNOCCUPIED,UNOCCUPIED,UNOCCUPIED,OCCUPIED,UNOCCUPIED,UNOCCUPIED,UNOCCUPIED,UNOCCUPIED,UNKNOWN,UNOCCUPIED
2026-04-05 18:16:16.304,CLOSED,THROWN,THROWN,THROWN,CLOSED,THROWN,CLOSED,CLOSED,UNOCCUPIED,UNOCCUPIED,UNOCCUPIED,UNOCCUPIED,OCCUPIED,UNOCCUPIED,UNOCCUPIED,UNOCCUPIED,UNOCCUPIED,UNKNOWN,UNOCCUPIED
2026-04-05 18:16:17.417,CLOSED,THROWN,THROWN,THROWN,CLOSED,THROWN,CLOSED,CLOSED,UNOCCUPIED,UNOCCUPIED,UNOCCUPIED,UNOCCUPIED,OCCUPIED,UNOCCUPIED,UNOCCUPIED,UNOCCUPIED,UNOCCUPIED,UNKNOWN,UNOCCUPIED
2026-04-05 18:16:18.009,CLOSED,THROWN,THROWN,THROWN,CLOSED,THROWN,CLOSED,CLOSED,UNOCCUPIED,OCCUPIED,UNOCCUPIED,UNOCCUPIED,OCCUPIED,UNOCCUPIED,UNOCCUPIED,UNOCCUPIED,UNOCCUPIED,UNKNOWN,UNOCCUPIED
2026-04-05 18:16:18.597,CLOSED,THROWN,THROWN,THROWN,CLOSED,THROWN,CLOSED,CLOSED,UNOCCUPIED,OCCUPIED,UNOCCUPIED,UNOCCUPIED,OCCUPIED,UNOCCUPIED,OCCUPIED,UNOCCUPIED,UNOCCUPIED,UNKNOWN,UNOCCUPIED
2026-04-05 18:16:18.837,CLOSED,THROWN,THROWN,THROWN,CLOSED,THROWN,CLOSED,CLOSED,UNOCCUPIED,UNOCCUPIED,UNOCCUPIED,UNOCCUPIED,OCCUPIED,OCCUPIED,OCCUPIED,UNOCCUPIED,UNOCCUPIED,UNKNOWN,UNOCCUPIED
2026-04-05 18:16:18.989,CLOSED,THROWN,THROWN,THROWN,CLOSED,THROWN,CLOSED,CLOSED,UNOCCUPIED,UNOCCUPIED,UNOCCUPIED,UNOCCUPIED,UNOCCUPIED,UNOCCUPIED,OCCUPIED,UNOCCUPIED,UNOCCUPIED,UNKNOWN,UNOCCUPIED
2026-04-05 18:16:19.153,CLOSED,THROWN,THROWN,THROWN,CLOSED,THROWN,CLOSED,CLOSED,UNOCCUPIED,UNOCCUPIED,UNOCCUPIED,UNOCCUPIED,UNOCCUPIED,UNOCCUPIED,OCCUPIED,UNOCCUPIED,UNOCCUPIED,UNKNOWN,UNOCCUPIED
2026-04-05 18:16:19.187,CLOSED,THROWN,THROWN,THROWN,CLOSED,THROWN,CLOSED,CLOSED,UNOCCUPIED,UNOCCUPIED,UNOCCUPIED,UNOCCUPIED,UNOCCUPIED,UNOCCUPIED,OCCUPIED,UNOCCUPIED,UNOCCUPIED,UNKNOWN,UNOCCUPIED
2026-04-05 18:16:19.219,CLOSED,THROWN,THROWN,THROWN,CLOSED,THROWN,CLOSED,CLOSED,UNOCCUPIED,UNOCCUPIED,UNOCCUPIED,UNOCCUPIED,UNOCCUPIED,UNOCCUPIED,OCCUPIED,UNOCCUPIED,UNOCCUPIED,UNKNOWN,UNOCCUPIED
2026-04-05 18:16:20.040,CLOSED,THROWN,THROWN,THROWN,CLOSED,THROWN,CLOSED,CLOSED,UNOCCUPIED,UNOCCUPIED,UNOCCUPIED,UNOCCUPIED,UNOCCUPIED,UNOCCUPIED,OCCUPIED,UNOCCUPIED,UNOCCUPIED,UNKNOWN,UNOCCUPIED
2026-04-05 18:16:20.593,CLOSED,THROWN,THROWN,THROWN,CLOSED,THROWN,CLOSED,CLOSED,UNOCCUPIED,UNOCCUPIED,UNOCCUPIED,UNOCCUPIED,UNOCCUPIED,UNOCCUPIED,OCCUPIED,UNOCCUPIED,UNOCCUPIED,UNKNOWN,UNOCCUPIED
2026-04-05 18:16:25.211,CLOSED,THROWN,THROWN,THROWN,CLOSED,THROWN,CLOSED,THROWN,OCCUPIED,UNOCCUPIED,UNOCCUPIED,UNOCCUPIED,UNOCCUPIED,UNOCCUPIED,UNOCCUPIED,UNOCCUPIED,UNOCCUPIED,UNKNOWN,UNOCCUPIED
2026-04-05 18:16:25.374,CLOSED,THROWN,THROWN,THROWN,CLOSED,THROWN,CLOSED,THROWN,OCCUPIED,UNOCCUPIED,UNOCCUPIED,UNOCCUPIED,UNOCCUPIED,UNOCCUPIED,UNOCCUPIED,UNOCCUPIED,UNOCCUPIED,UNKNOWN,UNOCCUPIED
2026-04-05 18:16:25.439,CLOSED,THROWN,THROWN,THROWN,CLOSED,THROWN,CLOSED,THROWN,OCCUPIED,UNOCCUPIED,UNOCCUPIED,UNOCCUPIED,UNOCCUPIED,UNOCCUPIED,UNOCCUPIED,UNOCCUPIED,UNOCCUPIED,UNKNOWN,UNOCCUPIED
2026-04-05 18:16:26.195,CLOSED,THROWN,THROWN,THROWN,CLOSED,THROWN,CLOSED,THROWN,OCCUPIED,UNOCCUPIED,UNOCCUPIED,UNOCCUPIED,UNOCCUPIED,UNOCCUPIED,UNOCCUPIED,UNOCCUPIED,UNOCCUPIED,UNKNOWN,UNOCCUPIED
2026-04-05 18:16:27.306,CLOSED,THROWN,THROWN,THROWN,CLOSED,THROWN,CLOSED,THROWN,OCCUPIED,UNOCCUPIED,UNOCCUPIED,UNOCCUPIED,UNOCCUPIED,UNOCCUPIED,UNOCCUPIED,UNOCCUPIED,UNOCCUPIED,UNKNOWN,UNOCCUPIED
2026-04-05 18:16:27.723,CLOSED,CLOSED,THROWN,THROWN,CLOSED,THROWN,CLOSED,THROWN,UNOCCUPIED,UNOCCUPIED,UNOCCUPIED,UNOCCUPIED,UNOCCUPIED,UNOCCUPIED,UNOCCUPIED,UNOCCUPIED,UNOCCUPIED,UNKNOWN,UNOCCUPIED
2026-04-05 18:16:27.865,CLOSED,CLOSED,THROWN,THROWN,CLOSED,THROWN,CLOSED,THROWN,UNOCCUPIED,UNOCCUPIED,UNOCCUPIED,UNOCCUPIED,UNOCCUPIED,UNOCCUPIED,UNOCCUPIED,UNOCCUPIED,UNOCCUPIED,UNKNOWN,UNOCCUPIED
2026-04-05 18:16:28.289,CLOSED,CLOSED,THROWN,THROWN,CLOSED,THROWN,CLOSED,THROWN,UNOCCUPIED,UNOCCUPIED,UNOCCUPIED,UNOCCUPIED,UNOCCUPIED,OCCUPIED,UNOCCUPIED,UNOCCUPIED,UNOCCUPIED,UNKNOWN,UNOCCUPIED
2026-04-05 18:16:31.007,CLOSED,CLOSED,THROWN,THROWN,CLOSED,THROWN,CLOSED,THROWN,UNOCCUPIED,UNOCCUPIED,UNOCCUPIED,UNOCCUPIED,UNOCCUPIED,OCCUPIED,UNOCCUPIED,UNOCCUPIED,UNOCCUPIED,UNKNOWN,UNOCCUPIED
2026-04-05 18:16:31.908,CLOSED,CLOSED,THROWN,THROWN,CLOSED,THROWN,CLOSED,THROWN,UNOCCUPIED,UNOCCUPIED,UNOCCUPIED,UNOCCUPIED,UNOCCUPIED,UNOCCUPIED,OCCUPIED,UNOCCUPIED,UNOCCUPIED,UNKNOWN,UNOCCUPIED
2026-04-05 18:16:32.085,CLOSED,CLOSED,THROWN,THROWN,CLOSED,THROWN,CLOSED,THROWN,UNOCCUPIED,UNOCCUPIED,UNOCCUPIED,UNOCCUPIED,UNOCCUPIED,UNOCCUPIED,OCCUPIED,UNOCCUPIED,UNOCCUPIED,UNKNOWN,UNOCCUPIED
2026-04-05 18:16:32.150,CLOSED,CLOSED,THROWN,THROWN,CLOSED,THROWN,CLOSED,THROWN,UNOCCUPIED,UNOCCUPIED,UNOCCUPIED,UNOCCUPIED,UNOCCUPIED,UNOCCUPIED,OCCUPIED,UNOCCUPIED,UNOCCUPIED,UNKNOWN,UNOCCUPIED
2026-04-05 18:16:33.000,CLOSED,CLOSED,THROWN,THROWN,CLOSED,THROWN,CLOSED,THROWN,UNOCCUPIED,UNOCCUPIED,UNOCCUPIED,UNOCCUPIED,UNOCCUPIED,UNOCCUPIED,OCCUPIED,UNOCCUPIED,UNOCCUPIED,UNKNOWN,UNOCCUPIED
2026-04-05 18:16:33.557,CLOSED,CLOSED,THROWN,THROWN,CLOSED,THROWN,CLOSED,THROWN,UNOCCUPIED,UNOCCUPIED,UNOCCUPIED,UNOCCUPIED,UNOCCUPIED,UNOCCUPIED,OCCUPIED,UNOCCUPIED,UNOCCUPIED,UNKNOWN,UNOCCUPIED
2026-04-05 18:16:38.161,CLOSED,CLOSED,THROWN,THROWN,CLOSED,THROWN,CLOSED,CLOSED,OCCUPIED,UNOCCUPIED,UNOCCUPIED,UNOCCUPIED,UNOCCUPIED,UNOCCUPIED,UNOCCUPIED,UNOCCUPIED,UNOCCUPIED,UNKNOWN,UNOCCUPIED
2026-04-05 18:16:38.306,CLOSED,CLOSED,THROWN,THROWN,CLOSED,THROWN,CLOSED,CLOSED,OCCUPIED,UNOCCUPIED,UNOCCUPIED,UNOCCUPIED,UNOCCUPIED,UNOCCUPIED,UNOCCUPIED,UNOCCUPIED,UNOCCUPIED,UNKNOWN,UNOCCUPIED
2026-04-05 18:16:38.372,CLOSED,CLOSED,THROWN,THROWN,CLOSED,THROWN,CLOSED,CLOSED,OCCUPIED,UNOCCUPIED,UNOCCUPIED,UNOCCUPIED,UNOCCUPIED,UNOCCUPIED,UNOCCUPIED,UNOCCUPIED,UNOCCUPIED,UNKNOWN,UNOCCUPIED
2026-04-05 18:16:39.157,CLOSED,CLOSED,THROWN,THROWN,CLOSED,THROWN,CLOSED,CLOSED,OCCUPIED,UNOCCUPIED,UNOCCUPIED,UNOCCUPIED,UNOCCUPIED,UNOCCUPIED,UNOCCUPIED,UNOCCUPIED,UNOCCUPIED,UNKNOWN,UNOCCUPIED
2026-04-05 18:16:40.375,THROWN,CLOSED,THROWN,THROWN,CLOSED,THROWN,CLOSED,CLOSED,OCCUPIED,UNOCCUPIED,UNOCCUPIED,UNOCCUPIED,UNOCCUPIED,UNOCCUPIED,UNOCCUPIED,UNOCCUPIED,UNOCCUPIED,UNKNOWN,UNOCCUPIED
2026-04-05 18:16:40.683,THROWN,CLOSED,CLOSED,THROWN,CLOSED,THROWN,CLOSED,CLOSED,UNOCCUPIED,OCCUPIED,UNOCCUPIED,UNOCCUPIED,UNOCCUPIED,UNOCCUPIED,UNOCCUPIED,UNOCCUPIED,UNOCCUPIED,UNKNOWN,UNOCCUPIED
2026-04-05 18:16:40.825,THROWN,CLOSED,CLOSED,THROWN,CLOSED,THROWN,CLOSED,CLOSED,UNOCCUPIED,OCCUPIED,UNOCCUPIED,UNOCCUPIED,OCCUPIED,UNOCCUPIED,UNOCCUPIED,UNOCCUPIED,UNOCCUPIED,UNKNOWN,UNOCCUPIED
2026-04-05 18:16:41.058,THROWN,CLOSED,CLOSED,THROWN,CLOSED,THROWN,CLOSED,CLOSED,UNOCCUPIED,UNOCCUPIED,UNOCCUPIED,UNOCCUPIED,OCCUPIED,UNOCCUPIED,UNOCCUPIED,UNOCCUPIED,UNOCCUPIED,UNKNOWN,UNOCCUPIED
2026-04-05 18:16:41.261,THROWN,CLOSED,CLOSED,THROWN,CLOSED,THROWN,CLOSED,CLOSED,UNOCCUPIED,UNOCCUPIED,UNOCCUPIED,UNOCCUPIED,OCCUPIED,UNOCCUPIED,UNOCCUPIED,UNOCCUPIED,UNOCCUPIED,UNKNOWN,UNOCCUPIED
2026-04-05 18:16:41.513,THROWN,CLOSED,CLOSED,THROWN,CLOSED,THROWN,CLOSED,CLOSED,UNOCCUPIED,UNOCCUPIED,UNOCCUPIED,UNOCCUPIED,OCCUPIED,UNOCCUPIED,UNOCCUPIED,UNOCCUPIED,UNOCCUPIED,UNKNOWN,UNOCCUPIED
2026-04-05 18:16:42.594,THROWN,CLOSED,CLOSED,THROWN,CLOSED,THROWN,CLOSED,CLOSED,UNOCCUPIED,UNOCCUPIED,UNOCCUPIED,UNOCCUPIED,OCCUPIED,UNOCCUPIED,UNOCCUPIED,UNOCCUPIED,UNOCCUPIED,UNKNOWN,UNOCCUPIED
2026-04-05 18:16:43.218,THROWN,CLOSED,CLOSED,THROWN,CLOSED,THROWN,CLOSED,CLOSED,UNOCCUPIED,OCCUPIED,UNOCCUPIED,UNOCCUPIED,OCCUPIED,UNOCCUPIED,UNOCCUPIED,UNOCCUPIED,UNOCCUPIED,UNKNOWN,UNOCCUPIED
2026-04-05 18:16:43.812,THROWN,CLOSED,CLOSED,THROWN,CLOSED,THROWN,CLOSED,CLOSED,UNOCCUPIED,OCCUPIED,UNOCCUPIED,UNOCCUPIED,OCCUPIED,UNOCCUPIED,OCCUPIED,UNOCCUPIED,UNOCCUPIED,UNKNOWN,UNOCCUPIED
2026-04-05 18:16:44.070,THROWN,CLOSED,CLOSED,THROWN,CLOSED,THROWN,CLOSED,CLOSED,UNOCCUPIED,UNOCCUPIED,UNOCCUPIED,OCCUPIED,OCCUPIED,UNOCCUPIED,OCCUPIED,UNOCCUPIED,UNOCCUPIED,UNKNOWN,UNOCCUPIED
2026-04-05 18:16:44.221,THROWN,CLOSED,CLOSED,THROWN,CLOSED,THROWN,CLOSED,CLOSED,UNOCCUPIED,UNOCCUPIED,UNOCCUPIED,UNOCCUPIED,UNOCCUPIED,UNOCCUPIED,OCCUPIED,UNOCCUPIED,UNOCCUPIED,UNKNOWN,UNOCCUPIED
2026-04-05 18:16:44.361,THROWN,CLOSED,CLOSED,THROWN,CLOSED,THROWN,CLOSED,CLOSED,UNOCCUPIED,UNOCCUPIED,UNOCCUPIED,UNOCCUPIED,UNOCCUPIED,UNOCCUPIED,OCCUPIED,UNOCCUPIED,UNOCCUPIED,UNKNOWN,UNOCCUPIED
2026-04-05 18:16:44.393,THROWN,CLOSED,CLOSED,THROWN,CLOSED,THROWN,CLOSED,CLOSED,UNOCCUPIED,UNOCCUPIED,UNOCCUPIED,UNOCCUPIED,UNOCCUPIED,UNOCCUPIED,OCCUPIED,UNOCCUPIED,UNOCCUPIED,UNKNOWN,UNOCCUPIED
2026-04-05 18:16:44.448,THROWN,CLOSED,CLOSED,THROWN,CLOSED,THROWN,CLOSED,CLOSED,UNOCCUPIED,UNOCCUPIED,UNOCCUPIED,UNOCCUPIED,UNOCCUPIED,UNOCCUPIED,OCCUPIED,UNOCCUPIED,UNOCCUPIED,UNKNOWN,UNOCCUPIED
2026-04-05 18:16:45.801,THROWN,CLOSED,CLOSED,THROWN,CLOSED,THROWN,CLOSED,CLOSED,UNOCCUPIED,UNOCCUPIED,UNOCCUPIED,UNOCCUPIED,UNOCCUPIED,UNOCCUPIED,OCCUPIED,UNOCCUPIED,UNOCCUPIED,UNKNOWN,UNOCCUPIED
2026-04-05 18:16:50.191,THROWN,CLOSED,CLOSED,THROWN,CLOSED,THROWN,CLOSED,CLOSED,UNOCCUPIED,UNOCCUPIED,UNOCCUPIED,UNOCCUPIED,UNOCCUPIED,UNOCCUPIED,OCCUPIED,UNOCCUPIED,UNOCCUPIED,UNKNOWN,UNOCCUPIED
2026-04-05 18:16:50.581,THROWN,CLOSED,CLOSED,THROWN,CLOSED,THROWN,CLOSED,CLOSED,OCCUPIED,UNOCCUPIED,UNOCCUPIED,UNOCCUPIED,UNOCCUPIED,UNOCCUPIED,UNOCCUPIED,UNOCCUPIED,UNOCCUPIED,UNKNOWN,UNOCCUPIED
2026-04-05 18:16:50.647,THROWN,CLOSED,CLOSED,THROWN,CLOSED,THROWN,CLOSED,CLOSED,OCCUPIED,UNOCCUPIED,UNOCCUPIED,UNOCCUPIED,UNOCCUPIED,UNOCCUPIED,UNOCCUPIED,UNOCCUPIED,UNOCCUPIED,UNKNOWN,UNOCCUPIED
2026-04-05 18:16:52.817,CLOSED,CLOSED,CLOSED,THROWN,CLOSED,THROWN,CLOSED,CLOSED,UNOCCUPIED,OCCUPIED,UNOCCUPIED,UNOCCUPIED,UNOCCUPIED,UNOCCUPIED,UNOCCUPIED,UNOCCUPIED,UNOCCUPIED,UNKNOWN,UNOCCUPIED
2026-04-05 18:16:52.873,CLOSED,CLOSED,CLOSED,THROWN,CLOSED,THROWN,CLOSED,CLOSED,UNOCCUPIED,OCCUPIED,UNOCCUPIED,UNOCCUPIED,UNOCCUPIED,UNOCCUPIED,UNOCCUPIED,UNOCCUPIED,UNOCCUPIED,UNKNOWN,UNOCCUPIED
2026-04-05 18:16:52.938,CLOSED,CLOSED,CLOSED,THROWN,CLOSED,THROWN,CLOSED,CLOSED,UNOCCUPIED,OCCUPIED,UNOCCUPIED,UNOCCUPIED,UNOCCUPIED,UNOCCUPIED,UNOCCUPIED,UNOCCUPIED,UNOCCUPIED,UNKNOWN,UNOCCUPIED
2026-04-05 18:16:55.949,CLOSED,CLOSED,CLOSED,THROWN,CLOSED,THROWN,CLOSED,CLOSED,UNOCCUPIED,UNOCCUPIED,UNOCCUPIED,OCCUPIED,UNOCCUPIED,UNOCCUPIED,UNOCCUPIED,UNOCCUPIED,UNOCCUPIED,UNKNOWN,UNOCCUPIED
2026-04-05 18:16:56.145,CLOSED,CLOSED,CLOSED,THROWN,CLOSED,THROWN,CLOSED,CLOSED,UNOCCUPIED,UNOCCUPIED,UNOCCUPIED,OCCUPIED,UNOCCUPIED,UNOCCUPIED,UNOCCUPIED,UNOCCUPIED,UNOCCUPIED,UNKNOWN,UNOCCUPIED
2026-04-05 18:16:56.705,CLOSED,CLOSED,CLOSED,THROWN,CLOSED,THROWN,CLOSED,CLOSED,UNOCCUPIED,UNOCCUPIED,UNOCCUPIED,OCCUPIED,UNOCCUPIED,UNOCCUPIED,UNOCCUPIED,UNOCCUPIED,UNOCCUPIED,UNKNOWN,UNOCCUPIED
2026-04-05 18:16:57.229,CLOSED,CLOSED,CLOSED,THROWN,CLOSED,THROWN,CLOSED,CLOSED,UNOCCUPIED,UNOCCUPIED,UNOCCUPIED,OCCUPIED,UNOCCUPIED,UNOCCUPIED,UNOCCUPIED,UNOCCUPIED,UNOCCUPIED,UNKNOWN,UNOCCUPIED
2026-04-05 18:16:59.195,CLOSED,CLOSED,CLOSED,THROWN,CLOSED,THROWN,CLOSED,CLOSED,UNOCCUPIED,UNOCCUPIED,UNOCCUPIED,OCCUPIED,UNOCCUPIED,UNOCCUPIED,OCCUPIED,UNOCCUPIED,UNOCCUPIED,UNKNOWN,UNOCCUPIED
2026-04-05 18:17:01.386,CLOSED,CLOSED,CLOSED,THROWN,CLOSED,THROWN,CLOSED,CLOSED,UNOCCUPIED,UNOCCUPIED,UNOCCUPIED,OCCUPIED,UNOCCUPIED,UNOCCUPIED,UNOCCUPIED,UNOCCUPIED,UNOCCUPIED,UNKNOWN,UNOCCUPIED
2026-04-05 18:17:01.883,CLOSED,CLOSED,CLOSED,THROWN,CLOSED,THROWN,CLOSED,CLOSED,OCCUPIED,UNOCCUPIED,UNOCCUPIED,UNOCCUPIED,UNOCCUPIED,UNOCCUPIED,UNOCCUPIED,UNOCCUPIED,UNOCCUPIED,UNKNOWN,UNOCCUPIED
2026-04-05 18:17:01.944,CLOSED,CLOSED,CLOSED,THROWN,CLOSED,THROWN,CLOSED,CLOSED,OCCUPIED,UNOCCUPIED,UNOCCUPIED,UNOCCUPIED,UNOCCUPIED,UNOCCUPIED,UNOCCUPIED,UNOCCUPIED,UNOCCUPIED,UNKNOWN,UNOCCUPIED
2026-04-05 18:17:03.648,CLOSED,CLOSED,CLOSED,THROWN,CLOSED,THROWN,CLOSED,CLOSED,UNOCCUPIED,OCCUPIED,UNOCCUPIED,UNOCCUPIED,UNOCCUPIED,UNOCCUPIED,UNOCCUPIED,UNOCCUPIED,UNOCCUPIED,UNKNOWN,UNOCCUPIED
2026-04-05 18:17:03.743,CLOSED,CLOSED,CLOSED,THROWN,CLOSED,THROWN,CLOSED,CLOSED,UNOCCUPIED,OCCUPIED,UNOCCUPIED,UNOCCUPIED,UNOCCUPIED,UNOCCUPIED,UNOCCUPIED,UNOCCUPIED,UNOCCUPIED,UNKNOWN,UNOCCUPIED
2026-04-05 18:17:06.688,CLOSED,CLOSED,CLOSED,THROWN,CLOSED,THROWN,CLOSED,CLOSED,UNOCCUPIED,UNOCCUPIED,UNOCCUPIED,OCCUPIED,UNOCCUPIED,UNOCCUPIED,UNOCCUPIED,UNOCCUPIED,UNOCCUPIED,UNKNOWN,UNOCCUPIED
2026-04-05 18:17:06.753,CLOSED,CLOSED,CLOSED,THROWN,CLOSED,THROWN,CLOSED,CLOSED,UNOCCUPIED,UNOCCUPIED,UNOCCUPIED,OCCUPIED,UNOCCUPIED,UNOCCUPIED,UNOCCUPIED,UNOCCUPIED,UNOCCUPIED,UNKNOWN,UNOCCUPIED
2026-04-05 18:17:07.506,CLOSED,CLOSED,CLOSED,THROWN,CLOSED,THROWN,CLOSED,CLOSED,UNOCCUPIED,UNOCCUPIED,UNOCCUPIED,OCCUPIED,UNOCCUPIED,UNOCCUPIED,UNOCCUPIED,UNOCCUPIED,UNOCCUPIED,UNKNOWN,UNOCCUPIED
2026-04-05 18:17:08.098,CLOSED,CLOSED,CLOSED,THROWN,CLOSED,THROWN,CLOSED,CLOSED,UNOCCUPIED,UNOCCUPIED,UNOCCUPIED,OCCUPIED,UNOCCUPIED,UNOCCUPIED,UNOCCUPIED,UNOCCUPIED,UNOCCUPIED,UNKNOWN,UNOCCUPIED
2026-04-05 18:17:09.992,CLOSED,CLOSED,CLOSED,THROWN,CLOSED,THROWN,CLOSED,CLOSED,UNOCCUPIED,UNOCCUPIED,UNOCCUPIED,OCCUPIED,UNOCCUPIED,UNOCCUPIED,OCCUPIED,UNOCCUPIED,UNOCCUPIED,UNKNOWN,UNOCCUPIED
2026-04-05 18:17:12.190,CLOSED,CLOSED,CLOSED,THROWN,CLOSED,THROWN,CLOSED,CLOSED,UNOCCUPIED,UNOCCUPIED,UNOCCUPIED,OCCUPIED,UNOCCUPIED,UNOCCUPIED,UNOCCUPIED,UNOCCUPIED,UNOCCUPIED,UNKNOWN,UNOCCUPIED
2026-04-05 18:17:12.680,CLOSED,CLOSED,CLOSED,THROWN,CLOSED,THROWN,CLOSED,CLOSED,OCCUPIED,UNOCCUPIED,UNOCCUPIED,UNOCCUPIED,UNOCCUPIED,UNOCCUPIED,UNOCCUPIED,UNOCCUPIED,UNOCCUPIED,UNKNOWN,UNOCCUPIED
2026-04-05 18:17:12.745,CLOSED,CLOSED,CLOSED,THROWN,CLOSED,THROWN,CLOSED,CLOSED,OCCUPIED,UNOCCUPIED,UNOCCUPIED,UNOCCUPIED,UNOCCUPIED,UNOCCUPIED,UNOCCUPIED,UNOCCUPIED,UNOCCUPIED,UNKNOWN,UNOCCUPIED
2026-04-05 18:17:14.414,CLOSED,CLOSED,CLOSED,THROWN,CLOSED,THROWN,CLOSED,CLOSED,UNOCCUPIED,OCCUPIED,UNOCCUPIED,UNOCCUPIED,UNOCCUPIED,UNOCCUPIED,UNOCCUPIED,UNOCCUPIED,UNOCCUPIED,UNKNOWN,UNOCCUPIED
2026-04-05 18:17:14.545,CLOSED,CLOSED,CLOSED,THROWN,CLOSED,THROWN,CLOSED,CLOSED,UNOCCUPIED,OCCUPIED,UNOCCUPIED,UNOCCUPIED,UNOCCUPIED,UNOCCUPIED,UNOCCUPIED,UNOCCUPIED,UNOCCUPIED,UNKNOWN,UNOCCUPIED
2026-04-05 18:17:17.528,CLOSED,CLOSED,CLOSED,THROWN,CLOSED,THROWN,CLOSED,CLOSED,UNOCCUPIED,UNOCCUPIED,UNOCCUPIED,OCCUPIED,UNOCCUPIED,UNOCCUPIED,UNOCCUPIED,UNOCCUPIED,UNOCCUPIED,UNKNOWN,UNOCCUPIED
2026-04-05 18:17:17.560,CLOSED,CLOSED,CLOSED,THROWN,CLOSED,THROWN,CLOSED,CLOSED,UNOCCUPIED,UNOCCUPIED,UNOCCUPIED,OCCUPIED,UNOCCUPIED,UNOCCUPIED,UNOCCUPIED,UNOCCUPIED,UNOCCUPIED,UNKNOWN,UNOCCUPIED
2026-04-05 18:17:18.278,CLOSED,CLOSED,CLOSED,THROWN,CLOSED,THROWN,CLOSED,CLOSED,UNOCCUPIED,UNOCCUPIED,UNOCCUPIED,OCCUPIED,UNOCCUPIED,UNOCCUPIED,UNOCCUPIED,UNOCCUPIED,UNOCCUPIED,UNKNOWN,UNOCCUPIED
2026-04-05 18:17:18.832,CLOSED,CLOSED,CLOSED,THROWN,CLOSED,THROWN,CLOSED,CLOSED,UNOCCUPIED,UNOCCUPIED,UNOCCUPIED,OCCUPIED,UNOCCUPIED,UNOCCUPIED,UNOCCUPIED,UNOCCUPIED,UNOCCUPIED,UNKNOWN,UNOCCUPIED
2026-04-05 18:17:20.767,CLOSED,CLOSED,CLOSED,THROWN,CLOSED,THROWN,CLOSED,CLOSED,UNOCCUPIED,UNOCCUPIED,UNOCCUPIED,OCCUPIED,UNOCCUPIED,UNOCCUPIED,OCCUPIED,UNOCCUPIED,UNOCCUPIED,UNKNOWN,UNOCCUPIED
2026-04-05 18:17:22.927,CLOSED,CLOSED,CLOSED,THROWN,CLOSED,THROWN,CLOSED,CLOSED,UNOCCUPIED,UNOCCUPIED,UNOCCUPIED,OCCUPIED,UNOCCUPIED,UNOCCUPIED,UNOCCUPIED,UNOCCUPIED,UNOCCUPIED,UNKNOWN,UNOCCUPIED
2026-04-05 18:17:23.418,CLOSED,CLOSED,CLOSED,THROWN,CLOSED,THROWN,CLOSED,CLOSED,OCCUPIED,UNOCCUPIED,UNOCCUPIED,UNOCCUPIED,UNOCCUPIED,UNOCCUPIED,UNOCCUPIED,UNOCCUPIED,UNOCCUPIED,UNKNOWN,UNOCCUPIED
2026-04-05 18:17:23.449,CLOSED,CLOSED,CLOSED,THROWN,CLOSED,THROWN,CLOSED,CLOSED,OCCUPIED,UNOCCUPIED,UNOCCUPIED,UNOCCUPIED,UNOCCUPIED,UNOCCUPIED,UNOCCUPIED,UNOCCUPIED,UNOCCUPIED,UNKNOWN,UNOCCUPIED
2026-04-05 18:17:25.154,CLOSED,CLOSED,CLOSED,THROWN,CLOSED,THROWN,CLOSED,CLOSED,UNOCCUPIED,OCCUPIED,UNOCCUPIED,UNOCCUPIED,UNOCCUPIED,UNOCCUPIED,UNOCCUPIED,UNOCCUPIED,UNOCCUPIED,UNKNOWN,UNOCCUPIED
2026-04-05 18:17:25.282,CLOSED,CLOSED,CLOSED,THROWN,CLOSED,THROWN,CLOSED,CLOSED,UNOCCUPIED,OCCUPIED,UNOCCUPIED,UNOCCUPIED,UNOCCUPIED,UNOCCUPIED,UNOCCUPIED,UNOCCUPIED,UNOCCUPIED,UNKNOWN,UNOCCUPIED
2026-04-05 18:17:28.261,CLOSED,CLOSED,CLOSED,THROWN,CLOSED,THROWN,CLOSED,CLOSED,UNOCCUPIED,UNOCCUPIED,UNOCCUPIED,OCCUPIED,UNOCCUPIED,UNOCCUPIED,UNOCCUPIED,UNOCCUPIED,UNOCCUPIED,UNKNOWN,UNOCCUPIED
2026-04-05 18:17:28.330,CLOSED,CLOSED,CLOSED,THROWN,CLOSED,THROWN,CLOSED,CLOSED,UNOCCUPIED,UNOCCUPIED,UNOCCUPIED,OCCUPIED,UNOCCUPIED,UNOCCUPIED,UNOCCUPIED,UNOCCUPIED,UNOCCUPIED,UNKNOWN,UNOCCUPIED
2026-04-05 18:17:28.981,CLOSED,CLOSED,CLOSED,THROWN,CLOSED,THROWN,CLOSED,CLOSED,UNOCCUPIED,UNOCCUPIED,UNOCCUPIED,OCCUPIED,UNOCCUPIED,UNOCCUPIED,UNOCCUPIED,UNOCCUPIED,UNOCCUPIED,UNKNOWN,UNOCCUPIED
2026-04-05 18:17:29.537,CLOSED,CLOSED,CLOSED,THROWN,CLOSED,THROWN,CLOSED,CLOSED,UNOCCUPIED,UNOCCUPIED,UNOCCUPIED,OCCUPIED,UNOCCUPIED,UNOCCUPIED,UNOCCUPIED,UNOCCUPIED,UNOCCUPIED,UNKNOWN,UNOCCUPIED
2026-04-05 18:17:31.470,CLOSED,CLOSED,CLOSED,THROWN,CLOSED,THROWN,CLOSED,CLOSED,UNOCCUPIED,UNOCCUPIED,UNOCCUPIED,OCCUPIED,UNOCCUPIED,UNOCCUPIED,OCCUPIED,UNOCCUPIED,UNOCCUPIED,UNKNOWN,UNOCCUPIED
2026-04-05 18:17:33.598,CLOSED,CLOSED,CLOSED,THROWN,CLOSED,THROWN,CLOSED,CLOSED,UNOCCUPIED,UNOCCUPIED,UNOCCUPIED,OCCUPIED,UNOCCUPIED,UNOCCUPIED,UNOCCUPIED,UNOCCUPIED,UNOCCUPIED,UNKNOWN,UNOCCUPIED
2026-04-05 18:17:34.016,CLOSED,CLOSED,CLOSED,THROWN,THROWN,THROWN,CLOSED,CLOSED,OCCUPIED,UNOCCUPIED,UNOCCUPIED,UNOCCUPIED,UNOCCUPIED,UNOCCUPIED,UNOCCUPIED,UNOCCUPIED,UNOCCUPIED,UNKNOWN,UNOCCUPIED
2026-04-05 18:17:34.152,CLOSED,CLOSED,CLOSED,THROWN,THROWN,THROWN,CLOSED,CLOSED,OCCUPIED,UNOCCUPIED,UNOCCUPIED,UNOCCUPIED,UNOCCUPIED,UNOCCUPIED,UNOCCUPIED,UNOCCUPIED,UNOCCUPIED,UNKNOWN,UNOCCUPIED
2026-04-05 18:17:34.157,CLOSED,CLOSED,CLOSED,THROWN,THROWN,THROWN,CLOSED,CLOSED,OCCUPIED,UNOCCUPIED,UNOCCUPIED,UNOCCUPIED,UNOCCUPIED,UNOCCUPIED,UNOCCUPIED,UNOCCUPIED,UNOCCUPIED,UNKNOWN,UNOCCUPIED
2026-04-05 18:17:35.891,CLOSED,CLOSED,CLOSED,THROWN,THROWN,THROWN,CLOSED,CLOSED,UNOCCUPIED,OCCUPIED,UNOCCUPIED,UNOCCUPIED,UNOCCUPIED,UNOCCUPIED,UNOCCUPIED,UNOCCUPIED,UNOCCUPIED,UNKNOWN,UNOCCUPIED
2026-04-05 18:17:35.959,CLOSED,CLOSED,CLOSED,THROWN,THROWN,THROWN,CLOSED,CLOSED,UNOCCUPIED,OCCUPIED,UNOCCUPIED,UNOCCUPIED,UNOCCUPIED,UNOCCUPIED,UNOCCUPIED,UNOCCUPIED,UNOCCUPIED,UNKNOWN,UNOCCUPIED
2026-04-05 18:17:38.805,CLOSED,CLOSED,CLOSED,THROWN,THROWN,THROWN,CLOSED,CLOSED,UNOCCUPIED,OCCUPIED,UNOCCUPIED,UNOCCUPIED,UNOCCUPIED,UNOCCUPIED,UNOCCUPIED,UNOCCUPIED,UNOCCUPIED,UNKNOWN,OCCUPIED
2026-04-05 18:17:39.167,CLOSED,CLOSED,CLOSED,THROWN,THROWN,THROWN,CLOSED,CLOSED,UNOCCUPIED,UNOCCUPIED,UNOCCUPIED,UNOCCUPIED,UNOCCUPIED,UNOCCUPIED,UNOCCUPIED,UNOCCUPIED,UNOCCUPIED,UNKNOWN,OCCUPIED
2026-04-05 18:17:39.361,CLOSED,CLOSED,CLOSED,THROWN,THROWN,THROWN,CLOSED,CLOSED,UNOCCUPIED,UNOCCUPIED,UNOCCUPIED,UNOCCUPIED,UNOCCUPIED,UNOCCUPIED,UNOCCUPIED,UNOCCUPIED,UNOCCUPIED,UNKNOWN,UNOCCUPIED
2026-04-05 18:17:39.526,CLOSED,CLOSED,CLOSED,THROWN,THROWN,THROWN,CLOSED,CLOSED,UNOCCUPIED,UNOCCUPIED,UNOCCUPIED,UNOCCUPIED,UNOCCUPIED,UNOCCUPIED,UNOCCUPIED,OCCUPIED,UNOCCUPIED,UNKNOWN,UNOCCUPIED
2026-04-05 18:17:39.753,CLOSED,CLOSED,CLOSED,THROWN,THROWN,THROWN,CLOSED,CLOSED,UNOCCUPIED,UNOCCUPIED,UNOCCUPIED,UNOCCUPIED,UNOCCUPIED,UNOCCUPIED,UNOCCUPIED,OCCUPIED,UNOCCUPIED,UNKNOWN,UNOCCUPIED

