s,x,y,z
0.000000000000000000e+00,1.373737373737373701e+00,0.000000000000000000e+00,0.000000000000000000e+00
1.373737373737373701e+00,2.747474747474747403e+00,0.000000000000000000e+00,0.000000000000000000e+00
2.747474747474747403e+00,4.121212121212121104e+00,0.000000000000000000e+00,0.000000000000000000e+00
4.121212121212121104e+00,5.494949494949494806e+00,0.000000000000000000e+00,0.000000000000000000e+00
5.494949494949494806e+00,6.868686868686868507e+00,0.000000000000000000e+00,0.000000000000000000e+00
6.868686868686868507e+00,8.242424242424242209e+00,0.000000000000000000e+00,0.000000000000000000e+00
8.242424242424242209e+00,9.616161616161615910e+00,0.000000000000000000e+00,0.000000000000000000e+00
9.616161616161615910e+00,1.098989898989898961e+01,0.000000000000000000e+00,0.000000000000000000e+00
1.098989898989898961e+01,1.236363636363636331e+01,0.000000000000000000e+00,0.000000000000000000e+00
1.236363636363636331e+01,1.373737373737373701e+01,0.000000000000000000e+00,0.000000000000000000e+00
1.373737373737373701e+01,1.511111111111111072e+01,0.000000000000000000e+00,0.000000000000000000e+00
1.511111111111111072e+01,1.648484848484848442e+01,0.000000000000000000e+00,0.000000000000000000e+00
1.648484848484848442e+01,1.785858585858585812e+01,0.000000000000000000e+00,0.000000000000000000e+00
1.785858585858585812e+01,1.923232323232323182e+01,0.000000000000000000e+00,0.000000000000000000e+00
1.923232323232323182e+01,2.060606060606060552e+01,0.000000000000000000e+00,0.000000000000000000e+00
2.060606060606060552e+01,2.197979797979797922e+01,0.000000000000000000e+00,0.000000000000000000e+00
2.197979797979797922e+01,2.335353535353535293e+01,0.000000000000000000e+00,0.000000000000000000e+00
2.335353535353535293e+01,2.472727272727272663e+01,0.000000000000000000e+00,0.000000000000000000e+00
2.472727272727272663e+01,2.610101010101010033e+01,0.000000000000000000e+00,0.000000000000000000e+00
2.610101010101010033e+01,2.747474747474747403e+01,0.000000000000000000e+00,0.000000000000000000e+00
2.747474747474747403e+01,2.884848484848484773e+01,0.000000000000000000e+00,0.000000000000000000e+00
2.884848484848484773e+01,3.022222222222222143e+01,0.000000000000000000e+00,0.000000000000000000e+00
3.022222222222222143e+01,3.159595959595959513e+01,0.000000000000000000e+00,0.000000000000000000e+00
3.159595959595959513e+01,3.296969696969696884e+01,0.000000000000000000e+00,0.000000000000000000e+00
3.296969696969696884e+01,3.434343434343433898e+01,0.000000000000000000e+00,0.000000000000000000e+00
3.434343434343434609e+01,3.571717171717171624e+01,0.000000000000000000e+00,0.000000000000000000e+00
3.571717171717172334e+01,3.709090909090909349e+01,0.000000000000000000e+00,0.000000000000000000e+00
3.709090909090909349e+01,3.846464646464646364e+01,0.000000000000000000e+00,0.000000000000000000e+00
3.846464646464646364e+01,3.983838383838383379e+01,0.000000000000000000e+00,0.000000000000000000e+00
3.983838383838384090e+01,4.121212121212121104e+01,0.000000000000000000e+00,0.000000000000000000e+00
4.121212121212121815e+01,4.258585858585858830e+01,0.000000000000000000e+00,0.000000000000000000e+00
4.258585858585858830e+01,4.395959595959595845e+01,0.000000000000000000e+00,0.000000000000000000e+00
4.395959595959595845e+01,4.533333333333332860e+01,0.000000000000000000e+00,0.000000000000000000e+00
4.533333333333333570e+01,4.670707070707070585e+01,0.000000000000000000e+00,0.000000000000000000e+00
4.670707070707071296e+01,4.808080808080808310e+01,0.000000000000000000e+00,0.000000000000000000e+00
4.808080808080808310e+01,4.945454545454545325e+01,0.000000000000000000e+00,0.000000000000000000e+00
4.945454545454545325e+01,5.082828282828282340e+01,0.000000000000000000e+00,0.000000000000000000e+00
5.082828282828283051e+01,5.220202020202020066e+01,0.000000000000000000e+00,0.000000000000000000e+00
5.220202020202020776e+01,5.357575757575757791e+01,0.000000000000000000e+00,0.000000000000000000e+00
5.357575757575757791e+01,5.494949494949494806e+01,0.000000000000000000e+00,0.000000000000000000e+00
5.494949494949494806e+01,5.632323232323231821e+01,0.000000000000000000e+00,0.000000000000000000e+00
5.632323232323232531e+01,5.769696969696969546e+01,0.000000000000000000e+00,0.000000000000000000e+00
5.769696969696970257e+01,5.907070707070707272e+01,0.000000000000000000e+00,0.000000000000000000e+00
5.907070707070707272e+01,6.044444444444444287e+01,0.000000000000000000e+00,0.000000000000000000e+00
6.044444444444444287e+01,6.181818181818181301e+01,0.000000000000000000e+00,0.000000000000000000e+00
6.181818181818182012e+01,6.319191919191919027e+01,0.000000000000000000e+00,0.000000000000000000e+00
6.319191919191919737e+01,6.456565656565656752e+01,0.000000000000000000e+00,0.000000000000000000e+00
6.456565656565656752e+01,6.593939393939393767e+01,0.000000000000000000e+00,0.000000000000000000e+00
6.593939393939393767e+01,6.731313131313130782e+01,0.000000000000000000e+00,0.000000000000000000e+00
6.731313131313130782e+01,6.868686868686867797e+01,0.000000000000000000e+00,0.000000000000000000e+00
6.868686868686869218e+01,7.006060606060606233e+01,0.000000000000000000e+00,0.000000000000000000e+00
7.006060606060606233e+01,7.143434343434343248e+01,0.000000000000000000e+00,0.000000000000000000e+00
7.143434343434343248e+01,7.280808080808080263e+01,0.000000000000000000e+00,0.000000000000000000e+00
7.280808080808081684e+01,7.418181818181818699e+01,0.000000000000000000e+00,0.000000000000000000e+00
7.418181818181818699e+01,7.555555555555555713e+01,0.000000000000000000e+00,0.000000000000000000e+00
7.555555555555555713e+01,7.692929292929292728e+01,0.000000000000000000e+00,0.000000000000000000e+00
7.692929292929292728e+01,7.830303030303029743e+01,0.000000000000000000e+00,0.000000000000000000e+00
7.830303030303029743e+01,7.967676767676766758e+01,0.000000000000000000e+00,0.000000000000000000e+00
7.967676767676768179e+01,8.105050505050505194e+01,0.000000000000000000e+00,0.000000000000000000e+00
8.105050505050505194e+01,8.242424242424242209e+01,0.000000000000000000e+00,0.000000000000000000e+00
8.242424242424242209e+01,8.379797979797979224e+01,0.000000000000000000e+00,0.000000000000000000e+00
8.379797979797980645e+01,8.517171717171717660e+01,0.000000000000000000e+00,0.000000000000000000e+00
8.517171717171717660e+01,8.654545454545454675e+01,0.000000000000000000e+00,0.000000000000000000e+00
8.654545454545454675e+01,8.791919191919191690e+01,0.000000000000000000e+00,0.000000000000000000e+00
8.791919191919191690e+01,8.929292929292928704e+01,0.000000000000000000e+00,0.000000000000000000e+00
8.929292929292928704e+01,9.066666666666665719e+01,0.000000000000000000e+00,0.000000000000000000e+00
9.066666666666667140e+01,9.204040404040404155e+01,0.000000000000000000e+00,0.000000000000000000e+00
9.204040404040404155e+01,9.341414141414141170e+01,0.000000000000000000e+00,0.000000000000000000e+00
9.341414141414141170e+01,9.478787878787878185e+01,0.000000000000000000e+00,0.000000000000000000e+00
9.478787878787879606e+01,9.616161616161616621e+01,0.000000000000000000e+00,0.000000000000000000e+00
9.616161616161616621e+01,9.753535353535353636e+01,0.000000000000000000e+00,0.000000000000000000e+00
9.753535353535353636e+01,9.890909090909090651e+01,0.000000000000000000e+00,0.000000000000000000e+00
9.890909090909090651e+01,1.002828282828282767e+02,0.000000000000000000e+00,0.000000000000000000e+00
1.002828282828282767e+02,1.016565656565656468e+02,0.000000000000000000e+00,0.000000000000000000e+00
1.016565656565656610e+02,1.030303030303030312e+02,0.000000000000000000e+00,0.000000000000000000e+00
1.030303030303030312e+02,1.044040404040404013e+02,0.000000000000000000e+00,0.000000000000000000e+00
1.044040404040404013e+02,1.057777777777777715e+02,0.000000000000000000e+00,0.000000000000000000e+00
1.057777777777777857e+02,1.071515151515151558e+02,0.000000000000000000e+00,0.000000000000000000e+00
1.071515151515151558e+02,1.085252525252525260e+02,0.000000000000000000e+00,0.000000000000000000e+00
1.085252525252525260e+02,1.098989898989898961e+02,0.000000000000000000e+00,0.000000000000000000e+00
1.098989898989898961e+02,1.112727272727272663e+02,0.000000000000000000e+00,0.000000000000000000e+00
1.112727272727272663e+02,1.126464646464646364e+02,0.000000000000000000e+00,0.000000000000000000e+00
1.126464646464646506e+02,1.140202020202020208e+02,0.000000000000000000e+00,0.000000000000000000e+00
1.140202020202020208e+02,1.153939393939393909e+02,0.000000000000000000e+00,0.000000000000000000e+00
1.153939393939393909e+02,1.167676767676767611e+02,0.000000000000000000e+00,0.000000000000000000e+00
1.167676767676767753e+02,1.181414141414141454e+02,0.000000000000000000e+00,0.000000000000000000e+00
1.181414141414141454e+02,1.195151515151515156e+02,0.000000000000000000e+00,0.000000000000000000e+00
1.195151515151515156e+02,1.208888888888888857e+02,0.000000000000000000e+00,0.000000000000000000e+00
1.208888888888888857e+02,1.222626262626262559e+02,0.000000000000000000e+00,0.000000000000000000e+00
1.222626262626262559e+02,1.236363636363636260e+02,0.000000000000000000e+00,0.000000000000000000e+00
1.236363636363636402e+02,1.250101010101010104e+02,0.000000000000000000e+00,0.000000000000000000e+00
1.250101010101010104e+02,1.263838383838383805e+02,0.000000000000000000e+00,0.000000000000000000e+00
1.263838383838383805e+02,1.277575757575757507e+02,0.000000000000000000e+00,0.000000000000000000e+00
1.277575757575757649e+02,1.291313131313131350e+02,0.000000000000000000e+00,0.000000000000000000e+00
1.291313131313131066e+02,1.305050505050504910e+02,0.000000000000000000e+00,0.000000000000000000e+00
1.305050505050504910e+02,1.318787878787878753e+02,0.000000000000000000e+00,0.000000000000000000e+00
1.318787878787878753e+02,1.332525252525252597e+02,0.000000000000000000e+00,0.000000000000000000e+00
1.332525252525252313e+02,1.346262626262626156e+02,0.000000000000000000e+00,0.000000000000000000e+00
1.346262626262626156e+02,1.360000000000000000e+02,0.000000000000000000e+00,0.000000000000000000e+00
1.356099523840207155e+02,1.369835659384401083e+02,1.560718612126166249e-02,0.000000000000000000e+00
1.365936421417787869e+02,1.379661415093534913e+02,6.241302937158366149e-02,0.000000000000000000e+00
1.375773318995368868e+02,1.389467373424296568e+02,1.403704002343779678e-01,0.000000000000000000e+00
1.385610216572949867e+02,1.399243660607862410e+02,2.494008022453435558e-01,0.000000000000000000e+00
1.395447114150530581e+02,1.408980432751738476e+02,3.893944510317766117e-01,0.000000000000000000e+00
1.405284011728111295e+02,1.418667885751727056e+02,5.602103848560915367e-01,0.000000000000000000e+00
1.415120909305692578e+02,1.428296265163827741e+02,7.616766065523812301e-01,0.000000000000000000e+00
1.424957806883273292e+02,1.437855876026134467e+02,9.935902567129559770e-01,0.000000000000000000e+00
1.434794704460854291e+02,1.447337092620843180e+02,1.255717817950582571e+00,0.000000000000000000e+00
1.444631602038435290e+02,1.456730368166531093e+02,1.547795350030693129e+00,0.000000000000000000e+00
1.454468499616016004e+02,1.466026244430957206e+02,1.869528755636842732e+00,0.000000000000000000e+00
1.464305397193597003e+02,1.475215361254701634e+02,2.220594076501750891e+00,0.000000000000000000e+00
1.474142294771178001e+02,1.484288465976050304e+02,2.600637819605843504e+00,0.000000000000000000e+00
1.483979192348759000e+02,1.493236422747643246e+02,3.009277313114743890e+00,0.000000000000000000e+00
1.493816089926339998e+02,1.502050221735497360e+02,3.446101091697371999e+00,0.000000000000000000e+00
1.503652987503920713e+02,1.510720988191145295e+02,3.910669310836667023e+00,0.000000000000000000e+00
1.513489885081501711e+02,1.519239991387755992e+02,4.402514189715713400e+00,0.000000000000000000e+00
1.523326782659082710e+02,1.527598653411235432e+02,4.921140482233386848e+00,0.000000000000000000e+00
1.533163680236663424e+02,1.535788557797458793e+02,5.466025975675183446e+00,0.000000000000000000e+00
1.543000577814244707e+02,1.543801458006938674e+02,6.036622016537187108e+00,0.000000000000000000e+00
1.552837475391825421e+02,1.551629285728387515e+02,6.632354062973586650e+00,0.000000000000000000e+00
1.562674372969406420e+02,1.559264159002827341e+02,7.252622263311682360e+00,0.000000000000000000e+00
1.572511270546987134e+02,1.566698390160050280e+02,7.896802060051605565e+00,0.000000000000000000e+00
1.582348168124568133e+02,1.573924493559454731e+02,8.564244818742828613e+00,0.000000000000000000e+00
1.592185065702149132e+02,1.580935193127447462e+02,9.254278481104044829e+00,0.000000000000000000e+00
1.602021963279730130e+02,1.587723429683835263e+02,9.966208241728907069e+00,0.000000000000000000e+00
1.611858860857311129e+02,1.594282368049820207e+02,1.069931724769616466e+01,0.000000000000000000e+00
1.621695758434891843e+02,1.600605403930444481e+02,1.145286732037980570e+01,0.000000000000000000e+00
1.631532656012472842e+02,1.606686170564557870e+02,1.222609969873233382e+01,0.000000000000000000e+00
1.641369553590053840e+02,1.612518545135604029e+02,1.301823580329285690e+01,0.000000000000000000e+00
1.651206451167634839e+02,1.618096654936779260e+02,1.382847802015058036e+01,0.000000000000000000e+00
1.661043348745215553e+02,1.623414883284349344e+02,1.465601050407442685e+01,0.000000000000000000e+00
1.670880246322796552e+02,1.628467875173176083e+02,1.550000000000000533e+01,0.000000000000000000e+00
1.680717143900377266e+02,1.633250542668750427e+02,1.635959668204683837e+01,0.000000000000000000e+00
1.690554041477958265e+02,1.637758070030314173e+02,1.723393500922100685e+01,0.000000000000000000e+00
1.700390939055538979e+02,1.641985918559900597e+02,1.812213459694152107e+01,0.000000000000000000e+00
1.710227836633119978e+02,1.645929831172420279e+02,1.902330110351301684e+01,0.000000000000000000e+00
1.720064734210700692e+02,1.649585836682182958e+02,1.993652713065197446e+01,0.000000000000000000e+00
1.729901631788281691e+02,1.652950253801547262e+02,2.086089313715993399e+01,0.000000000000000000e+00
1.739738529365862689e+02,1.656019694847663004e+02,2.179546836482347771e+01,0.000000000000000000e+00
1.749575426943443688e+02,1.658791069153581930e+02,2.273931177560891825e+01,0.000000000000000000e+00
1.759412324521024686e+02,1.661261586180297911e+02,2.369147299920775396e+01,0.000000000000000000e+00
1.769249222098605685e+02,1.663428758326581374e+02,2.465099328997909112e+01,0.000000000000000000e+00
1.779086119676186684e+02,1.665290403433784547e+02,2.561690649232515682e+01,0.000000000000000000e+00
1.788923017253767682e+02,1.666844646983089149e+02,2.658824001352816424e+01,0.000000000000000000e+00
1.798759914831348397e+02,1.668089923982988694e+02,2.756401580306865640e+01,0.000000000000000000e+00
1.808596812408929395e+02,1.669024980545102039e+02,2.854325133743956044e+01,0.000000000000000000e+00
1.818433709986510394e+02,1.669648875146732507e+02,2.952496060946399581e+01,0.000000000000000000e+00
1.828270607564091392e+02,1.669960979578901288e+02,3.050815512112095718e+01,0.000000000000000000e+00
1.838107505141672391e+02,1.669960979578901288e+02,3.149184487887904993e+01,0.000000000000000000e+00
1.847944402719253389e+02,1.669648875146732507e+02,3.247503939053601130e+01,0.000000000000000000e+00
1.857781300296834388e+02,1.669024980545102039e+02,3.345674866256044311e+01,0.000000000000000000e+00
1.867618197874415387e+02,1.668089923982988694e+02,3.443598419693134360e+01,0.000000000000000000e+00
1.877455095451996385e+02,1.666844646983089149e+02,3.541175998647184286e+01,0.000000000000000000e+00
1.887291993029577384e+02,1.665290403433784547e+02,3.638309350767484318e+01,0.000000000000000000e+00
1.897128890607158382e+02,1.663428758326581374e+02,3.734900671002091599e+01,0.000000000000000000e+00
1.906965788184739381e+02,1.661261586180297911e+02,3.830852700079224604e+01,0.000000000000000000e+00
1.916802685762320380e+02,1.658791069153581930e+02,3.926068822439108885e+01,0.000000000000000000e+00
1.926639583339901094e+02,1.656019694847663004e+02,4.020453163517652229e+01,0.000000000000000000e+00
1.936476480917482093e+02,1.652950253801547262e+02,4.113910686284007312e+01,0.000000000000000000e+00
1.946313378495063091e+02,1.649585836682182958e+02,4.206347286934802554e+01,0.000000000000000000e+00
1.956150276072644090e+02,1.645929831172420279e+02,4.297669889648699382e+01,0.000000000000000000e+00
1.965987173650225088e+02,1.641985918559900597e+02,4.387786540305847893e+01,0.000000000000000000e+00
1.975824071227806087e+02,1.637758070030314173e+02,4.476606499077900025e+01,0.000000000000000000e+00
1.985660968805387085e+02,1.633250542668750427e+02,4.564040331795315808e+01,0.000000000000000000e+00
1.995497866382968084e+02,1.628467875173175798e+02,4.650000000000000711e+01,0.000000000000000000e+00
2.005334763960549083e+02,1.623414883284349344e+02,4.734398949592558381e+01,0.000000000000000000e+00
2.015171661538129797e+02,1.618096654936779260e+02,4.817152197984941608e+01,0.000000000000000000e+00
2.025008559115710796e+02,1.612518545135604029e+02,4.898176419670714665e+01,0.000000000000000000e+00
2.034845456693291794e+02,1.606686170564557870e+02,4.977390030126767329e+01,0.000000000000000000e+00
2.044682354270872793e+02,1.600605403930444481e+02,5.054713267962020495e+01,0.000000000000000000e+00
2.054519251848453507e+02,1.594282368049820207e+02,5.130068275230384245e+01,0.000000000000000000e+00
2.064356149426034506e+02,1.587723429683835263e+02,5.203379175827109293e+01,0.000000000000000000e+00
2.074193047003615504e+02,1.580935193127447462e+02,5.274572151889596228e+01,0.000000000000000000e+00
2.084029944581196503e+02,1.573924493559454731e+02,5.343575518125717849e+01,0.000000000000000000e+00
2.093866842158777501e+02,1.566698390160050280e+02,5.410319793994839443e+01,0.000000000000000000e+00
2.103703739736358216e+02,1.559264159002827341e+02,5.474737773668831409e+01,0.000000000000000000e+00
2.113540637313939499e+02,1.551629285728387515e+02,5.536764593702641690e+01,0.000000000000000000e+00
2.123377534891520213e+02,1.543801458006938674e+02,5.596337798346282000e+01,0.000000000000000000e+00
2.133214432469101212e+02,1.535788557797458793e+02,5.653397402432482011e+01,0.000000000000000000e+00
2.143051330046682210e+02,1.527598653411235148e+02,5.707885951776661670e+01,0.000000000000000000e+00
2.152888227624263209e+02,1.519239991387755992e+02,5.759748581028429726e+01,0.000000000000000000e+00
2.162725125201844207e+02,1.510720988191145295e+02,5.808933068916333298e+01,0.000000000000000000e+00
2.172562022779424922e+02,1.502050221735497360e+02,5.855389890830262800e+01,0.000000000000000000e+00
2.182398920357005920e+02,1.493236422747643246e+02,5.899072268688526322e+01,0.000000000000000000e+00
2.192235817934586919e+02,1.484288465976050304e+02,5.939936218039416360e+01,0.000000000000000000e+00
2.202072715512167633e+02,1.475215361254701634e+02,5.977940592349824556e+01,0.000000000000000000e+00
2.211909613089748632e+02,1.466026244430957206e+02,6.013047124436315727e+01,0.000000000000000000e+00
2.221746510667329630e+02,1.456730368166530809e+02,6.045220464996930332e+01,0.000000000000000000e+00
2.231583408244910345e+02,1.447337092620843180e+02,6.074428218204941743e+01,0.000000000000000000e+00
2.241420305822491343e+02,1.437855876026134467e+02,6.100640974328704402e+01,0.000000000000000000e+00
2.251257203400072058e+02,1.428296265163827741e+02,6.123832339344761522e+01,0.000000000000000000e+00
2.261094100977653341e+02,1.418667885751727056e+02,6.143978961514390846e+01,0.000000000000000000e+00
2.270930998555234055e+02,1.408980432751738476e+02,6.161060554896822339e+01,0.000000000000000000e+00
2.280767896132814769e+02,1.399243660607862410e+02,6.175059919775465289e+01,0.000000000000000000e+00
2.290604793710395768e+02,1.389467373424296568e+02,6.185962959976562558e+01,0.000000000000000000e+00
2.300441691287976766e+02,1.379661415093534913e+02,6.193758697062841634e+01,0.000000000000000000e+00
2.310278588865557481e+02,1.369835659384401083e+02,6.198439281387874189e+01,0.000000000000000000e+00
2.320115486443138479e+02,1.360000000000000000e+02,6.200000000000000000e+01,0.000000000000000000e+00
2.333852860180512323e+02,1.346262626262626156e+02,6.200000000000000000e+01,0.000000000000000000e+00
2.347590233917885882e+02,1.332525252525252597e+02,6.200000000000000000e+01,0.000000000000000000e+00
2.361327607655259726e+02,1.318787878787878753e+02,6.200000000000000000e+01,0.000000000000000000e+00
2.375064981392633285e+02,1.305050505050505194e+02,6.200000000000000000e+01,0.000000000000000000e+00
2.388802355130007129e+02,1.291313131313131350e+02,6.200000000000000000e+01,0.000000000000000000e+00
2.402539728867380973e+02,1.277575757575757507e+02,6.200000000000000000e+01,0.000000000000000000e+00
2.416277102604754532e+02,1.263838383838383805e+02,6.200000000000000000e+01,0.000000000000000000e+00
2.430014476342128091e+02,1.250101010101010104e+02,6.200000000000000000e+01,0.000000000000000000e+00
2.443751850079501651e+02,1.236363636363636402e+02,6.200000000000000000e+01,0.000000000000000000e+00
2.457489223816875210e+02,1.222626262626262701e+02,6.200000000000000000e+01,0.000000000000000000e+00
2.471226597554249054e+02,1.208888888888888857e+02,6.200000000000000000e+01,0.000000000000000000e+00
2.484963971291622897e+02,1.195151515151515156e+02,6.200000000000000000e+01,0.000000000000000000e+00
2.498701345028996457e+02,1.181414141414141454e+02,6.200000000000000000e+01,0.000000000000000000e+00
2.512438718766370300e+02,1.167676767676767611e+02,6.200000000000000000e+01,0.000000000000000000e+00
2.526176092503744144e+02,1.153939393939393909e+02,6.200000000000000000e+01,0.000000000000000000e+00
2.539913466241117703e+02,1.140202020202020208e+02,6.200000000000000000e+01,0.000000000000000000e+00
2.553650839978491263e+02,1.126464646464646506e+02,6.200000000000000000e+01,0.000000000000000000e+00
2.567388213715864822e+02,1.112727272727272805e+02,6.200000000000000000e+01,0.000000000000000000e+00
2.581125587453238950e+02,1.098989898989898961e+02,6.200000000000000000e+01,0.000000000000000000e+00
2.594862961190612509e+02,1.085252525252525260e+02,6.200000000000000000e+01,0.000000000000000000e+00
2.608600334927986069e+02,1.071515151515151558e+02,6.200000000000000000e+01,0.000000000000000000e+00
2.622337708665360196e+02,1.057777777777777715e+02,6.200000000000000000e+01,0.000000000000000000e+00
2.636075082402733756e+02,1.044040404040404013e+02,6.200000000000000000e+01,0.000000000000000000e+00
2.649812456140107315e+02,1.030303030303030312e+02,6.200000000000000000e+01,0.000000000000000000e+00
2.663549829877480875e+02,1.016565656565656610e+02,6.200000000000000000e+01,0.000000000000000000e+00
2.677287203614854434e+02,1.002828282828282909e+02,6.200000000000000000e+01,0.000000000000000000e+00
2.691024577352228562e+02,9.890909090909090651e+01,6.200000000000000000e+01,0.000000000000000000e+00
2.704761951089602121e+02,9.753535353535353636e+01,6.200000000000000000e+01,0.000000000000000000e+00
2.718499324826975680e+02,9.616161616161616621e+01,6.200000000000000000e+01,0.000000000000000000e+00
2.732236698564349808e+02,9.478787878787878185e+01,6.200000000000000000e+01,0.000000000000000000e+00
2.745974072301723368e+02,9.341414141414141170e+01,6.200000000000000000e+01,0.000000000000000000e+00
2.759711446039096927e+02,9.204040404040404155e+01,6.200000000000000000e+01,0.000000000000000000e+00
2.773448819776470486e+02,9.066666666666667140e+01,6.200000000000000000e+01,0.000000000000000000e+00
2.787186193513844046e+02,8.929292929292930125e+01,6.200000000000000000e+01,0.000000000000000000e+00
2.800923567251218174e+02,8.791919191919191690e+01,6.200000000000000000e+01,0.000000000000000000e+00
2.814660940988591733e+02,8.654545454545454675e+01,6.200000000000000000e+01,0.000000000000000000e+00
2.828398314725965292e+02,8.517171717171717660e+01,6.200000000000000000e+01,0.000000000000000000e+00
2.842135688463339420e+02,8.379797979797979224e+01,6.200000000000000000e+01,0.000000000000000000e+00
2.855873062200712980e+02,8.242424242424242209e+01,6.200000000000000000e+01,0.000000000000000000e+00
2.869610435938086539e+02,8.105050505050505194e+01,6.200000000000000000e+01,0.000000000000000000e+00
2.883347809675460098e+02,7.967676767676768179e+01,6.200000000000000000e+01,0.000000000000000000e+00
2.897085183412833658e+02,7.830303030303031164e+01,6.200000000000000000e+01,0.000000000000000000e+00
2.910822557150207786e+02,7.692929292929292728e+01,6.200000000000000000e+01,0.000000000000000000e+00
2.924559930887581345e+02,7.555555555555555713e+01,6.200000000000000000e+01,0.000000000000000000e+00
2.938297304624954904e+02,7.418181818181818699e+01,6.200000000000000000e+01,0.000000000000000000e+00
2.952034678362329032e+02,7.280808080808080263e+01,6.200000000000000000e+01,0.000000000000000000e+00
2.965772052099702591e+02,7.143434343434343248e+01,6.200000000000000000e+01,0.000000000000000000e+00
2.979509425837076151e+02,7.006060606060606233e+01,6.200000000000000000e+01,0.000000000000000000e+00
2.993246799574449710e+02,6.868686868686869218e+01,6.200000000000000000e+01,0.000000000000000000e+00
3.006984173311823270e+02,6.731313131313132203e+01,6.200000000000000000e+01,0.000000000000000000e+00
3.020721547049197397e+02,6.593939393939393767e+01,6.200000000000000000e+01,0.000000000000000000e+00
3.034458920786570957e+02,6.456565656565656752e+01,6.200000000000000000e+01,0.000000000000000000e+00
3.048196294523944516e+02,6.319191919191919737e+01,6.200000000000000000e+01,0.000000000000000000e+00
3.061933668261318644e+02,6.181818181818181301e+01,6.200000000000000000e+01,0.000000000000000000e+00
3.075671041998692203e+02,6.044444444444444287e+01,6.200000000000000000e+01,0.000000000000000000e+00
3.089408415736065763e+02,5.907070707070707272e+01,6.200000000000000000e+01,0.000000000000000000e+00
3.103145789473439322e+02,5.769696969696970257e+01,6.200000000000000000e+01,0.000000000000000000e+00
3.116883163210812882e+02,5.632323232323233242e+01,6.200000000000000000e+01,0.000000000000000000e+00
3.130620536948187009e+02,5.494949494949494806e+01,6.200000000000000000e+01,0.000000000000000000e+00
3.144357910685560569e+02,5.357575757575757791e+01,6.200000000000000000e+01,0.000000000000000000e+00
3.158095284422934128e+02,5.220202020202020776e+01,6.200000000000000000e+01,0.000000000000000000e+00
3.171832658160308256e+02,5.082828282828282340e+01,6.200000000000000000e+01,0.000000000000000000e+00
3.185570031897681815e+02,4.945454545454545325e+01,6.200000000000000000e+01,0.000000000000000000e+00
3.199307405635055375e+02,4.808080808080808310e+01,6.200000000000000000e+01,0.000000000000000000e+00
3.213044779372428934e+02,4.670707070707071296e+01,6.200000000000000000e+01,0.000000000000000000e+00
3.226782153109802493e+02,4.533333333333334281e+01,6.200000000000000000e+01,0.000000000000000000e+00
3.240519526847176621e+02,4.395959595959595845e+01,6.200000000000000000e+01,0.000000000000000000e+00
3.254256900584550181e+02,4.258585858585858830e+01,6.200000000000000000e+01,0.000000000000000000e+00
3.267994274321923740e+02,4.121212121212121815e+01,6.200000000000000000e+01,0.000000000000000000e+00
3.281731648059297868e+02,3.983838383838383379e+01,6.200000000000000000e+01,0.000000000000000000e+00
3.295469021796671427e+02,3.846464646464646364e+01,6.200000000000000000e+01,0.000000000000000000e+00
3.309206395534044987e+02,3.709090909090909349e+01,6.200000000000000000e+01,0.000000000000000000e+00
3.322943769271418546e+02,3.571717171717172334e+01,6.200000000000000000e+01,0.000000000000000000e+00
3.336681143008792105e+02,3.434343434343435320e+01,6.200000000000000000e+01,0.000000000000000000e+00
3.350418516746166233e+02,3.296969696969696884e+01,6.200000000000000000e+01,0.000000000000000000e+00
3.364155890483539793e+02,3.159595959595959869e+01,6.200000000000000000e+01,0.000000000000000000e+00
3.377893264220913352e+02,3.022222222222222854e+01,6.200000000000000000e+01,0.000000000000000000e+00
3.391630637958287480e+02,2.884848484848484418e+01,6.200000000000000000e+01,0.000000000000000000e+00
3.405368011695661039e+02,2.747474747474747403e+01,6.200000000000000000e+01,0.000000000000000000e+00
3.419105385433034598e+02,2.610101010101010388e+01,6.200000000000000000e+01,0.000000000000000000e+00
3.432842759170408158e+02,2.472727272727273373e+01,6.200000000000000000e+01,0.000000000000000000e+00
3.446580132907781717e+02,2.335353535353536358e+01,6.200000000000000000e+01,0.000000000000000000e+00
3.460317506645155845e+02,2.197979797979797922e+01,6.200000000000000000e+01,0.000000000000000000e+00
3.474054880382529404e+02,2.060606060606060908e+01,6.200000000000000000e+01,0.000000000000000000e+00
3.487792254119902964e+02,1.923232323232323893e+01,6.200000000000000000e+01,0.000000000000000000e+00
3.501529627857277092e+02,1.785858585858585457e+01,6.200000000000000000e+01,0.000000000000000000e+00
3.515267001594650651e+02,1.648484848484848442e+01,6.200000000000000000e+01,0.000000000000000000e+00
3.529004375332024210e+02,1.511111111111111427e+01,6.200000000000000000e+01,0.000000000000000000e+00
3.542741749069397770e+02,1.373737373737374412e+01,6.200000000000000000e+01,0.000000000000000000e+00
3.556479122806771329e+02,1.236363636363637397e+01,6.200000000000000000e+01,0.000000000000000000e+00
3.570216496544145457e+02,1.098989898989898961e+01,6.200000000000000000e+01,0.000000000000000000e+00
3.583953870281519016e+02,9.616161616161619463e+00,6.200000000000000000e+01,0.000000000000000000e+00
3.597691244018892576e+02,8.242424242424249314e+00,6.200000000000000000e+01,0.000000000000000000e+00
3.611428617756266704e+02,6.868686868686864955e+00,6.200000000000000000e+01,0.000000000000000000e+00
3.625165991493640263e+02,5.494949494949509017e+00,6.200000000000000000e+01,0.000000000000000000e+00
3.638903365231013822e+02,4.121212121212124657e+00,6.200000000000000000e+01,0.000000000000000000e+00
3.652640738968387950e+02,2.747474747474740298e+00,6.200000000000000000e+01,0.000000000000000000e+00
3.666378112705761509e+02,1.373737373737384360e+00,6.200000000000000000e+01,0.000000000000000000e+00
3.680115486443135069e+02,0.000000000000000000e+00,6.200000000000000000e+01,0.000000000000000000e+00
3.689952384020716067e+02,-9.835659384400986527e-01,6.198439281387874189e+01,0.000000000000000000e+00
3.699789281598297066e+02,-1.966141509353497518e+00,6.193758697062841634e+01,0.000000000000000000e+00
3.709626179175878065e+02,-2.946737342429663897e+00,6.185962959976562558e+01,0.000000000000000000e+00
3.719463076753459063e+02,-3.924366060786224519e+00,6.175059919775465289e+01,0.000000000000000000e+00
3.729299974331040062e+02,-4.898043275173847633e+00,6.161060554896822339e+01,0.000000000000000000e+00
3.739136871908621060e+02,-5.866788575172713571e+00,6.143978961514390846e+01,0.000000000000000000e+00
3.748973769486202059e+02,-6.829626516382759860e+00,6.123832339344761522e+01,0.000000000000000000e+00
3.758810667063783058e+02,-7.785587602613452063e+00,6.100640974328705113e+01,0.000000000000000000e+00
3.768647564641364056e+02,-8.733709262084319747e+00,6.074428218204941743e+01,0.000000000000000000e+00
3.778484462218945055e+02,-9.673036816653096892e+00,6.045220464996930332e+01,0.000000000000000000e+00
3.788321359796526053e+02,-1.060262444309572949e+01,6.013047124436316437e+01,0.000000000000000000e+00
3.798158257374107052e+02,-1.152153612547014916e+01,5.977940592349825266e+01,0.000000000000000000e+00
3.807995154951688050e+02,-1.242884659760502331e+01,5.939936218039415650e+01,0.000000000000000000e+00
3.817832052529269049e+02,-1.332364227476432106e+01,5.899072268688525611e+01,0.000000000000000000e+00
3.827668950106850048e+02,-1.420502217354972174e+01,5.855389890830262800e+01,0.000000000000000000e+00
3.837505847684431046e+02,-1.507209881911452420e+01,5.808933068916333298e+01,0.000000000000000000e+00
3.847342745262012045e+02,-1.592399913877558859e+01,5.759748581028429726e+01,0.000000000000000000e+00
3.857179642839593043e+02,-1.675986534112352544e+01,5.707885951776661670e+01,0.000000000000000000e+00
3.867016540417174042e+02,-1.757885577974588998e+01,5.653397402432482011e+01,0.000000000000000000e+00
3.876853437994755041e+02,-1.838014580069384962e+01,5.596337798346282000e+01,0.000000000000000000e+00
3.886690335572336039e+02,-1.916292857283876216e+01,5.536764593702640980e+01,0.000000000000000000e+00
3.896527233149917038e+02,-1.992641590028271992e+01,5.474737773668832119e+01,0.000000000000000000e+00
3.906364130727498036e+02,-2.066983901600503515e+01,5.410319793994840154e+01,0.000000000000000000e+00
3.916201028305079035e+02,-2.139244935594546604e+01,5.343575518125717849e+01,0.000000000000000000e+00
3.926037925882660033e+02,-2.209351931274474978e+01,5.274572151889595517e+01,0.000000000000000000e+00
3.935874823460241032e+02,-2.277234296838353345e+01,5.203379175827109293e+01,0.000000000000000000e+00
3.945711721037822031e+02,-2.342823680498200289e+01,5.130068275230384245e+01,0.000000000000000000e+00
3.955548618615403029e+02,-2.406054039304446590e+01,5.054713267962019074e+01,0.000000000000000000e+00
3.965385516192984028e+02,-2.466861705645579761e+01,4.977390030126766618e+01,0.000000000000000000e+00
3.975222413770565026e+02,-2.525185451356040645e+01,4.898176419670714665e+01,0.000000000000000000e+00
3.985059311348146025e+02,-2.580966549367791174e+01,4.817152197984942319e+01,0.000000000000000000e+00
3.994896208925727024e+02,-2.634148832843493793e+01,4.734398949592558381e+01,0.000000000000000000e+00
4.004733106503308022e+02,-2.684678751731760116e+01,4.650000000000000000e+01,0.000000000000000000e+00
4.014570004080889021e+02,-2.732505426687503913e+01,4.564040331795316519e+01,0.000000000000000000e+00
4.024406901658470019e+02,-2.777580700303141370e+01,4.476606499077899315e+01,0.000000000000000000e+00
4.034243799236051018e+02,-2.819859185599007034e+01,4.387786540305847893e+01,0.000000000000000000e+00
4.044080696813632017e+02,-2.859298311724202080e+01,4.297669889648698671e+01,0.000000000000000000e+00
4.053917594391213015e+02,-2.895858366821830643e+01,4.206347286934803265e+01,0.000000000000000000e+00
4.063754491968794014e+02,-2.929502538015472268e+01,4.113910686284008023e+01,0.000000000000000000e+00
4.073591389546375012e+02,-2.960196948476628620e+01,4.020453163517652939e+01,0.000000000000000000e+00
4.083428287123956011e+02,-2.987910691535820362e+01,3.926068822439108885e+01,0.000000000000000000e+00
4.093265184701537009e+02,-3.012615861802979111e+01,3.830852700079224604e+01,0.000000000000000000e+00
4.103102082279118008e+02,-3.034287583265814092e+01,3.734900671002090178e+01,0.000000000000000000e+00
4.112938979856699007e+02,-3.052904034337844763e+01,3.638309350767483608e+01,0.000000000000000000e+00
4.122775877434280005e+02,-3.068446469830891488e+01,3.541175998647184286e+01,0.000000000000000000e+00
4.132612775011861004e+02,-3.080899239829887648e+01,3.443598419693134360e+01,0.000000000000000000e+00
4.142449672589442002e+02,-3.090249805451021103e+01,3.345674866256045021e+01,0.000000000000000000e+00
4.152286570167023001e+02,-3.096488751467324718e+01,3.247503939053601130e+01,0.000000000000000000e+00
4.162123467744604000e+02,-3.099609795789012878e+01,3.149184487887904638e+01,0.000000000000000000e+00
4.171960365322184998e+02,-3.099609795789012878e+01,3.050815512112094652e+01,0.000000000000000000e+00
4.181797262899765997e+02,-3.096488751467324718e+01,2.952496060946398515e+01,0.000000000000000000e+00
4.191634160477346995e+02,-3.090249805451021459e+01,2.854325133743955689e+01,0.000000000000000000e+00
4.201471058054927994e+02,-3.080899239829887648e+01,2.756401580306866350e+01,0.000000000000000000e+00
4.211307955632508992e+02,-3.068446469830891488e+01,2.658824001352816779e+01,0.000000000000000000e+00
4.221144853210089991e+02,-3.052904034337845118e+01,2.561690649232517103e+01,0.000000000000000000e+00
4.230981750787670990e+02,-3.034287583265814092e+01,2.465099328997908756e+01,0.000000000000000000e+00
4.240818648365251988e+02,-3.012615861802979467e+01,2.369147299920776106e+01,0.000000000000000000e+00
4.250655545942832987e+02,-2.987910691535820362e+01,2.273931177560891115e+01,0.000000000000000000e+00
4.260492443520413985e+02,-2.960196948476628975e+01,2.179546836482347771e+01,0.000000000000000000e+00
4.270329341097994984e+02,-2.929502538015472268e+01,2.086089313715993043e+01,0.000000000000000000e+00
4.280166238675575983e+02,-2.895858366821830998e+01,1.993652713065197446e+01,0.000000000000000000e+00
4.290003136253156981e+02,-2.859298311724202435e+01,1.902330110351302039e+01,0.000000000000000000e+00
4.299840033830737980e+02,-2.819859185599007390e+01,1.812213459694153173e+01,0.000000000000000000e+00
4.309676931408318978e+02,-2.777580700303141015e+01,1.723393500922100330e+01,0.000000000000000000e+00
4.319513828985899977e+02,-2.732505426687504269e+01,1.635959668204684192e+01,0.000000000000000000e+00
4.329350726563480976e+02,-2.684678751731759760e+01,1.549999999999999645e+01,0.000000000000000000e+00
4.339187624141061974e+02,-2.634148832843494503e+01,1.465601050407442330e+01,0.000000000000000000e+00
4.349024521718642973e+02,-2.580966549367791174e+01,1.382847802015058392e+01,0.000000000000000000e+00
4.358861419296223971e+02,-2.525185451356041000e+01,1.301823580329286045e+01,0.000000000000000000e+00
4.368698316873804970e+02,-2.466861705645579406e+01,1.222609969873233027e+01,0.000000000000000000e+00
4.378535214451385968e+02,-2.406054039304446235e+01,1.145286732037980215e+01,0.000000000000000000e+00
4.388372112028966967e+02,-2.342823680498201000e+01,1.069931724769616466e+01,0.000000000000000000e+00
4.398209009606547966e+02,-2.277234296838353700e+01,9.966208241728910622e+00,0.000000000000000000e+00
4.408045907184128964e+02,-2.209351931274474623e+01,9.254278481104041276e+00,0.000000000000000000e+00
4.417882804761709963e+02,-2.139244935594547314e+01,8.564244818742825061e+00,0.000000000000000000e+00
4.427719702339290961e+02,-2.066983901600504225e+01,7.896802060051609118e+00,0.000000000000000000e+00
4.437556599916871960e+02,-1.992641590028272347e+01,7.252622263311685913e+00,0.000000000000000000e+00
4.447393497494452959e+02,-1.916292857283876927e+01,6.632354062973593756e+00,0.000000000000000000e+00
4.457230395072033957e+02,-1.838014580069384607e+01,6.036622016537176449e+00,0.000000000000000000e+00
4.467067292649614387e+02,-1.757885577974590774e+01,5.466025975675194104e+00,0.000000000000000000e+00
4.476904190227195386e+02,-1.675986534112352189e+01,4.921140482233379743e+00,0.000000000000000000e+00
4.486741087804776384e+02,-1.592399913877559570e+01,4.402514189715709847e+00,0.000000000000000000e+00
4.496577985382357383e+02,-1.507209881911453131e+01,3.910669310836667023e+00,0.000000000000000000e+00
4.506414882959938382e+02,-1.420502217354972707e+01,3.446101091697375551e+00,0.000000000000000000e+00
4.516251780537519380e+02,-1.332364227476432816e+01,3.009277313114747443e+00,0.000000000000000000e+00
4.526088678115100379e+02,-1.242884659760501087e+01,2.600637819605836398e+00,0.000000000000000000e+00
4.535925575692680809e+02,-1.152153612547016870e+01,2.220594076501754444e+00,0.000000000000000000e+00
4.545762473270261808e+02,-1.060262444309572416e+01,1.869528755636839179e+00,0.000000000000000000e+00
4.555599370847842806e+02,-9.673036816653096892e+00,1.547795350030693129e+00,0.000000000000000000e+00
4.565436268425423805e+02,-8.733709262084321523e+00,1.255717817950582571e+00,0.000000000000000000e+00
4.575273166003004803e+02,-7.785587602613459168e+00,9.935902567129559770e-01,0.000000000000000000e+00
4.585110063580585802e+02,-6.829626516382766965e+00,7.616766065523812301e-01,0.000000000000000000e+00
4.594946961158166800e+02,-5.866788575172700249e+00,5.602103848560879840e-01,0.000000000000000000e+00
4.604783858735747231e+02,-4.898043275173861844e+00,3.893944510317766117e-01,0.000000000000000000e+00
4.614620756313328229e+02,-3.924366060786218746e+00,2.494008022453435558e-01,0.000000000000000000e+00
4.624457653890909228e+02,-2.946737342429657236e+00,1.403704002343779678e-01,0.000000000000000000e+00
4.634294551468490226e+02,-1.966141509353497963e+00,6.241302937158366149e-02,0.000000000000000000e+00
4.644131449046071225e+02,-9.835659384400993188e-01,1.560718612126166249e-02,0.000000000000000000e+00
4.653968346623652224e+02,-5.694607616035192278e-15,0.000000000000000000e+00,0.000000000000000000e+00
